URL,Title,Visit Time,Visit Count,Visited From,Visit Type,Visit Duration,Web Browser,User Profile,Browser Profile,URL Length,Typed Count,History File,Record ID
https://www.geoguessr.com/game/wUgARUFCE0VmuM74,World - Game - GeoGuessr,21/3/2023 22:44,3,,Link,00:00.1,Chrome,ajg,Default,47,0,C:\Users\ajg\AppData\Local\Google\Chrome\User Data\Default\History,89388
https://www.geoguessr.com/game/1EiLXnfIlwgZ40Hw,GeoGuessr - Let's explore the world!,21/3/2023 22:42,4,,Link,00:00.1,Chrome,ajg,Default,47,0,C:\Users\ajg\AppData\Local\Google\Chrome\User Data\Default\History,89383
https://www.geoguessr.com/game/uRI7qtWzQ4rwjFaj,World - Game - GeoGuessr,21/3/2023 22:41,3,,Link,00:00.1,Chrome,ajg,Default,47,0,C:\Users\ajg\AppData\Local\Google\Chrome\User Data\Default\History,89380
https://www.geoguessr.com/game/3LgsPSVsPpGUQjeE,World - Game - GeoGuessr,21/3/2023 22:39,3,,Link,00:00.1,Chrome,ajg,Default,47,0,C:\Users\ajg\AppData\Local\Google\Chrome\User Data\Default\History,89377
https://www.geoguessr.com/game/bhvulcP53ZzA6IfC,GeoGuessr - Let's explore the world!,21/3/2023 22:38,4,,Link,00:00.1,Chrome,ajg,Default,47,0,C:\Users\ajg\AppData\Local\Google\Chrome\User Data\Default\History,89372
https://www.geoguessr.com/game/FMvYlyGngm2OWumj,World - Game - GeoGuessr,21/3/2023 22:36,3,,Link,00:00.1,Chrome,ajg,Default,47,0,C:\Users\ajg\AppData\Local\Google\Chrome\User Data\Default\History,89369
https://www.geoguessr.com/game/m0QhuHJreAhrEu4t,World - Game - GeoGuessr,21/3/2023 22:35,3,,Link,00:00.1,Chrome,ajg,Default,47,0,C:\Users\ajg\AppData\Local\Google\Chrome\User Data\Default\History,89366
https://www.geoguessr.com/game/s5LyCZQImqnss4Xa,GeoGuessr - Let's explore the world!,21/3/2023 22:34,4,,Link,00:00.2,Chrome,ajg,Default,47,0,C:\Users\ajg\AppData\Local\Google\Chrome\User Data\Default\History,89361
https://www.geoguessr.com/game/xUdWjOIb1d9p01dU,World - Game - GeoGuessr,21/3/2023 22:32,3,,Link,00:00.1,Chrome,ajg,Default,47,0,C:\Users\ajg\AppData\Local\Google\Chrome\User Data\Default\History,89358
https://www.geoguessr.com/game/9BswLxGu7iP2fqDk,World - Game - GeoGuessr,21/3/2023 22:31,3,,Link,00:00.1,Chrome,ajg,Default,47,0,C:\Users\ajg\AppData\Local\Google\Chrome\User Data\Default\History,89355
https://www.geoguessr.com/game/mtOJdpk5WoXTM14n,GeoGuessr - Let's explore the world!,21/3/2023 22:29,4,,Link,00:00.1,Chrome,ajg,Default,47,0,C:\Users\ajg\AppData\Local\Google\Chrome\User Data\Default\History,89350
https://www.geoguessr.com/game/nFEUyWfiPCzfd6e1,World - Game - GeoGuessr,21/3/2023 22:28,3,,Link,00:00.1,Chrome,ajg,Default,47,0,C:\Users\ajg\AppData\Local\Google\Chrome\User Data\Default\History,89347
https://www.geoguessr.com/game/o9aVtfRp2qNeLfZP,World - Game - GeoGuessr,21/3/2023 22:27,3,,Link,00:00.1,Chrome,ajg,Default,47,0,C:\Users\ajg\AppData\Local\Google\Chrome\User Data\Default\History,89344
https://www.geoguessr.com/game/7bhH5wRvwzHJj9IA,GeoGuessr - Let's explore the world!,21/3/2023 22:25,4,,Link,00:00.1,Chrome,ajg,Default,47,0,C:\Users\ajg\AppData\Local\Google\Chrome\User Data\Default\History,89339
https://www.geoguessr.com/game/2OdjcdR04IsjdfPf,World - Game - GeoGuessr,21/3/2023 22:24,3,,Link,00:00.1,Chrome,ajg,Default,47,0,C:\Users\ajg\AppData\Local\Google\Chrome\User Data\Default\History,89336
https://www.geoguessr.com/game/Jpy1Ohbr4m3N5PKw,World - Game - GeoGuessr,21/3/2023 22:22,3,,Link,00:00.1,Chrome,ajg,Default,47,0,C:\Users\ajg\AppData\Local\Google\Chrome\User Data\Default\History,89333
https://www.geoguessr.com/game/JmtaSeK2N6t64jdg,GeoGuessr - Let's explore the world!,21/3/2023 22:21,4,,Link,00:00.1,Chrome,ajg,Default,47,0,C:\Users\ajg\AppData\Local\Google\Chrome\User Data\Default\History,89328
https://www.geoguessr.com/game/IgTWStGRAyaCqt2X,World - Game - GeoGuessr,21/3/2023 22:19,3,,Link,00:00.2,Chrome,ajg,Default,47,0,C:\Users\ajg\AppData\Local\Google\Chrome\User Data\Default\History,89325
https://www.geoguessr.com/game/Jp0Va91Z25YQvtBm,World - Game - GeoGuessr,21/3/2023 22:18,3,,Link,00:00.1,Chrome,ajg,Default,47,0,C:\Users\ajg\AppData\Local\Google\Chrome\User Data\Default\History,89322
https://www.geoguessr.com/game/Txc8672GlLKgqqtO,GeoGuessr - Let's explore the world!,21/3/2023 22:17,4,,Link,00:00.1,Chrome,ajg,Default,47,0,C:\Users\ajg\AppData\Local\Google\Chrome\User Data\Default\History,89317
https://www.geoguessr.com/game/mJmyImV8dll8s9WL,World - Game - GeoGuessr,21/3/2023 22:15,3,,Link,00:00.1,Chrome,ajg,Default,47,0,C:\Users\ajg\AppData\Local\Google\Chrome\User Data\Default\History,89314
https://www.geoguessr.com/game/7FWKaWgmJRC5ksg9,World - Game - GeoGuessr,21/3/2023 22:14,3,,Link,00:00.2,Chrome,ajg,Default,47,0,C:\Users\ajg\AppData\Local\Google\Chrome\User Data\Default\History,89311
https://www.geoguessr.com/game/xO8cs3YHoIiFUkuF,World - Game - GeoGuessr,21/3/2023 22:12,4,,Link,00:00.1,Chrome,ajg,Default,47,0,C:\Users\ajg\AppData\Local\Google\Chrome\User Data\Default\History,89306
https://www.geoguessr.com/game/1U2FSFjgT2Sh7cKt,World - Game - GeoGuessr,21/3/2023 22:11,3,,Link,00:00.1,Chrome,ajg,Default,47,0,C:\Users\ajg\AppData\Local\Google\Chrome\User Data\Default\History,89303
https://www.geoguessr.com/game/U6GbsJUPeynnB8lk,World - Game - GeoGuessr,21/3/2023 22:10,3,,Link,00:00.1,Chrome,ajg,Default,47,0,C:\Users\ajg\AppData\Local\Google\Chrome\User Data\Default\History,89300
https://www.geoguessr.com/game/l3PNAI8J8NR6L4Kl,World - Game - GeoGuessr,21/3/2023 22:08,4,,Link,00:00.1,Chrome,ajg,Default,47,0,C:\Users\ajg\AppData\Local\Google\Chrome\User Data\Default\History,89295
https://www.geoguessr.com/game/ICJen4W8KJiXkKkl,World - Game - GeoGuessr,21/3/2023 22:07,3,,Link,00:00.1,Chrome,ajg,Default,47,0,C:\Users\ajg\AppData\Local\Google\Chrome\User Data\Default\History,89292
https://www.geoguessr.com/game/6GgJOQqkzgXNo3c1,World - Game - GeoGuessr,21/3/2023 22:06,3,,Link,00:00.1,Chrome,ajg,Default,47,0,C:\Users\ajg\AppData\Local\Google\Chrome\User Data\Default\History,89289
https://www.geoguessr.com/game/rWjeWOzjIdlq3h3R,World - Game - GeoGuessr,21/3/2023 22:04,4,,Link,00:00.2,Chrome,ajg,Default,47,0,C:\Users\ajg\AppData\Local\Google\Chrome\User Data\Default\History,89284
https://www.geoguessr.com/game/gl0h7zPHsYzPzWnn,World - Game - GeoGuessr,21/3/2023 22:03,3,,Link,00:00.1,Chrome,ajg,Default,47,0,C:\Users\ajg\AppData\Local\Google\Chrome\User Data\Default\History,89281
https://www.geoguessr.com/game/FRtZ9tg1fwPAx66t,World - Game - GeoGuessr,21/3/2023 22:02,3,,Link,00:00.1,Chrome,ajg,Default,47,0,C:\Users\ajg\AppData\Local\Google\Chrome\User Data\Default\History,89278
https://www.geoguessr.com/game/d4BGt7XFOmzMMkMr,World - Game - GeoGuessr,21/3/2023 22:00,4,,Link,00:00.1,Chrome,ajg,Default,47,0,C:\Users\ajg\AppData\Local\Google\Chrome\User Data\Default\History,89273
https://www.geoguessr.com/game/KiZZYsbkMRAoquz3,World - Game - GeoGuessr,21/3/2023 21:59,3,,Link,00:00.1,Chrome,ajg,Default,47,0,C:\Users\ajg\AppData\Local\Google\Chrome\User Data\Default\History,89270
https://www.geoguessr.com/game/pD7bHhOynMQAQLtt,World - Game - GeoGuessr,21/3/2023 21:57,3,,Link,00:00.2,Chrome,ajg,Default,47,0,C:\Users\ajg\AppData\Local\Google\Chrome\User Data\Default\History,89267
https://www.geoguessr.com/game/eWggg4GgMgPmBxMU,World - Game - GeoGuessr,21/3/2023 21:53,3,,Link,00:00.1,Chrome,ajg,Default,47,0,C:\Users\ajg\AppData\Local\Google\Chrome\User Data\Default\History,89263
https://www.geoguessr.com/game/XRFXhhR4Whgi816D,World - Game - GeoGuessr,21/3/2023 21:49,3,,Link,00:00.1,Chrome,ajg,Default,47,0,C:\Users\ajg\AppData\Local\Google\Chrome\User Data\Default\History,89259
https://www.geoguessr.com/game/CqxyyBPwC5H8eEsp,World - Game - GeoGuessr,21/3/2023 21:48,3,,Link,00:00.1,Chrome,ajg,Default,47,0,C:\Users\ajg\AppData\Local\Google\Chrome\User Data\Default\History,89256
https://www.geoguessr.com/game/HEsXAhh3jVgkTO18,GeoGuessr - Let's explore the world!,21/3/2023 21:46,4,,Link,00:00.1,Chrome,ajg,Default,47,0,C:\Users\ajg\AppData\Local\Google\Chrome\User Data\Default\History,89251
https://www.geoguessr.com/game/lWZTSDdC02SlKifG,World - Game - GeoGuessr,21/3/2023 21:45,3,,Link,00:00.1,Chrome,ajg,Default,47,0,C:\Users\ajg\AppData\Local\Google\Chrome\User Data\Default\History,89248
https://www.geoguessr.com/game/WspJiBduJSnbsXJy,World - Game - GeoGuessr,21/3/2023 21:43,3,,Link,00:00.1,Chrome,ajg,Default,47,0,C:\Users\ajg\AppData\Local\Google\Chrome\User Data\Default\History,89245
https://www.geoguessr.com/game/9DgcegLSFN8y6AsX,GeoGuessr - Let's explore the world!,21/3/2023 21:42,4,,Link,00:00.1,Chrome,ajg,Default,47,0,C:\Users\ajg\AppData\Local\Google\Chrome\User Data\Default\History,89240
https://www.geoguessr.com/game/0uvHarONx0qbfAsH,World - Game - GeoGuessr,21/3/2023 21:41,3,,Link,00:00.1,Chrome,ajg,Default,47,0,C:\Users\ajg\AppData\Local\Google\Chrome\User Data\Default\History,89237
https://www.geoguessr.com/game/nNaEt4ELgVBh0tRp,World - Game - GeoGuessr,21/3/2023 21:39,3,,Link,00:00.2,Chrome,ajg,Default,47,0,C:\Users\ajg\AppData\Local\Google\Chrome\User Data\Default\History,89234
https://www.geoguessr.com/game/ggpODcYD1tGrt7h5,GeoGuessr - Let's explore the world!,21/3/2023 21:38,4,,Link,00:00.1,Chrome,ajg,Default,47,0,C:\Users\ajg\AppData\Local\Google\Chrome\User Data\Default\History,89229
https://www.geoguessr.com/game/ufpcSBiVEUvchfhR,World - Game - GeoGuessr,21/3/2023 21:36,3,,Link,00:00.1,Chrome,ajg,Default,47,0,C:\Users\ajg\AppData\Local\Google\Chrome\User Data\Default\History,89226
https://www.geoguessr.com/game/qCg3drDjnhXasuR4,World - Game - GeoGuessr,21/3/2023 21:35,3,,Link,00:00.1,Chrome,ajg,Default,47,0,C:\Users\ajg\AppData\Local\Google\Chrome\User Data\Default\History,89223
https://www.geoguessr.com/game/mCXGOGmPgY61yHns,World - Game - GeoGuessr,21/3/2023 21:34,4,,Link,00:00.2,Chrome,ajg,Default,47,0,C:\Users\ajg\AppData\Local\Google\Chrome\User Data\Default\History,89218
https://www.geoguessr.com/game/gVMAlvisC42nvL1C,World - Game - GeoGuessr,21/3/2023 21:32,3,,Link,00:00.1,Chrome,ajg,Default,47,0,C:\Users\ajg\AppData\Local\Google\Chrome\User Data\Default\History,89215
https://www.geoguessr.com/game/eZzPVPH0aVPNaLEe,World - Game - GeoGuessr,21/3/2023 21:31,3,,Link,00:00.1,Chrome,ajg,Default,47,0,C:\Users\ajg\AppData\Local\Google\Chrome\User Data\Default\History,89212
https://www.geoguessr.com/game/17mDHXLaiBKvdegu,World - Game - GeoGuessr,21/3/2023 21:30,4,,Link,00:00.1,Chrome,ajg,Default,47,0,C:\Users\ajg\AppData\Local\Google\Chrome\User Data\Default\History,89207
https://www.geoguessr.com/game/zILGh6RKQc5UZC8b,World - Game - GeoGuessr,21/3/2023 21:28,3,,Link,00:00.1,Chrome,ajg,Default,47,0,C:\Users\ajg\AppData\Local\Google\Chrome\User Data\Default\History,89204
https://www.geoguessr.com/game/v15QTxQeUheFaJgq,World - Game - GeoGuessr,21/3/2023 21:27,3,,Link,00:00.1,Chrome,ajg,Default,47,0,C:\Users\ajg\AppData\Local\Google\Chrome\User Data\Default\History,89201
https://www.geoguessr.com/game/zh2zXNUwrYTQrxGA,World - Game - GeoGuessr,21/3/2023 21:26,4,,Link,00:00.1,Chrome,ajg,Default,47,0,C:\Users\ajg\AppData\Local\Google\Chrome\User Data\Default\History,89196
https://www.geoguessr.com/game/213me4Hoyg8pDNo2,World - Game - GeoGuessr,21/3/2023 21:24,3,,Link,00:00.1,Chrome,ajg,Default,47,0,C:\Users\ajg\AppData\Local\Google\Chrome\User Data\Default\History,89192
https://www.geoguessr.com/game/Rq4xM75Ovk1vN3Lu,World - Game - GeoGuessr,21/3/2023 21:23,3,,Link,00:00.1,Chrome,ajg,Default,47,0,C:\Users\ajg\AppData\Local\Google\Chrome\User Data\Default\History,89189
https://www.geoguessr.com/game/lbb6Y16R1wzzowwY,World - Game - GeoGuessr,21/3/2023 21:21,4,,Link,00:00.1,Chrome,ajg,Default,47,0,C:\Users\ajg\AppData\Local\Google\Chrome\User Data\Default\History,89184
https://www.geoguessr.com/game/5nL7JYT4ZLjlvhhF,World - Game - GeoGuessr,21/3/2023 21:20,3,,Link,00:00.1,Chrome,ajg,Default,47,0,C:\Users\ajg\AppData\Local\Google\Chrome\User Data\Default\History,89181
https://www.geoguessr.com/game/VN11I7MOl9GqQt6Q,World - Game - GeoGuessr,21/3/2023 21:19,3,,Link,00:00.1,Chrome,ajg,Default,47,0,C:\Users\ajg\AppData\Local\Google\Chrome\User Data\Default\History,89178
https://www.geoguessr.com/game/GoGzBVbYPL9QEBhO,World - Game - GeoGuessr,21/3/2023 21:17,4,,Link,00:00.1,Chrome,ajg,Default,47,0,C:\Users\ajg\AppData\Local\Google\Chrome\User Data\Default\History,89173
https://www.geoguessr.com/game/KiE63E3o1VqJouWE,World - Game - GeoGuessr,21/3/2023 21:16,3,,Link,00:00.2,Chrome,ajg,Default,47,0,C:\Users\ajg\AppData\Local\Google\Chrome\User Data\Default\History,89170
https://www.geoguessr.com/game/SczuxhisXuTI7rFy,World - Game - GeoGuessr,21/3/2023 21:14,3,,Link,00:00.1,Chrome,ajg,Default,47,0,C:\Users\ajg\AppData\Local\Google\Chrome\User Data\Default\History,89167
https://www.geoguessr.com/game/eD6rEQKBcwMcDLAM,World - Game - GeoGuessr,21/3/2023 21:12,3,,Link,00:00.1,Chrome,ajg,Default,47,0,C:\Users\ajg\AppData\Local\Google\Chrome\User Data\Default\History,89163
https://www.geoguessr.com/game/rtFf8a4eTJt491hU,World - Game - GeoGuessr,21/3/2023 21:10,3,,Link,00:00.1,Chrome,ajg,Default,47,0,C:\Users\ajg\AppData\Local\Google\Chrome\User Data\Default\History,89160
https://www.geoguessr.com/game/EIemQ01bcWIQUXSk,World - Game - GeoGuessr,21/3/2023 21:08,3,,Link,00:00.1,Chrome,ajg,Default,47,0,C:\Users\ajg\AppData\Local\Google\Chrome\User Data\Default\History,89156
https://www.geoguessr.com/game/UJXFHaj6yvt9HCUP,World - Game - GeoGuessr,21/3/2023 21:07,3,,Link,00:00.1,Chrome,ajg,Default,47,0,C:\Users\ajg\AppData\Local\Google\Chrome\User Data\Default\History,89153
https://www.geoguessr.com/game/3F3bCz2IPiEW60Xx,World - Game - GeoGuessr,21/3/2023 21:05,3,,Link,00:00.1,Chrome,ajg,Default,47,0,C:\Users\ajg\AppData\Local\Google\Chrome\User Data\Default\History,89150
https://www.geoguessr.com/game/nKrcYUXcGf4YNFzG,World - Game - GeoGuessr,21/3/2023 21:04,4,,Link,00:00.1,Chrome,ajg,Default,47,0,C:\Users\ajg\AppData\Local\Google\Chrome\User Data\Default\History,89145
https://www.geoguessr.com/game/TdQn3obcTpfnYtIv,World - Game - GeoGuessr,21/3/2023 21:03,3,,Link,00:00.1,Chrome,ajg,Default,47,0,C:\Users\ajg\AppData\Local\Google\Chrome\User Data\Default\History,89142
https://www.geoguessr.com/game/A5rBmtnaLl5mgRUk,World - Game - GeoGuessr,21/3/2023 21:01,3,,Link,00:00.1,Chrome,ajg,Default,47,0,C:\Users\ajg\AppData\Local\Google\Chrome\User Data\Default\History,89139
https://www.geoguessr.com/game/cDMgL1opFFQdgsHj,World - Game - GeoGuessr,21/3/2023 21:00,4,,Link,00:00.1,Chrome,ajg,Default,47,0,C:\Users\ajg\AppData\Local\Google\Chrome\User Data\Default\History,89134
https://www.geoguessr.com/game/7h6VdeAiKs54Ee9a,World - Game - GeoGuessr,21/3/2023 20:59,3,,Link,00:00.1,Chrome,ajg,Default,47,0,C:\Users\ajg\AppData\Local\Google\Chrome\User Data\Default\History,89131
https://www.geoguessr.com/game/DtScsKQvwY2ETcG3,World - Game - GeoGuessr,21/3/2023 20:57,3,,Link,00:00.1,Chrome,ajg,Default,47,0,C:\Users\ajg\AppData\Local\Google\Chrome\User Data\Default\History,89128
https://www.geoguessr.com/game/dgt0ZNMnwyewdgFI,World - Game - GeoGuessr,21/3/2023 20:52,3,,Link,00:00.1,Chrome,ajg,Default,47,0,C:\Users\ajg\AppData\Local\Google\Chrome\User Data\Default\History,89124
https://www.geoguessr.com/game/3p4sV6xXp1xlxAen,GeoGuessr - Let's explore the world!,21/3/2023 20:50,4,,Link,00:00.1,Chrome,ajg,Default,47,0,C:\Users\ajg\AppData\Local\Google\Chrome\User Data\Default\History,89119
https://www.geoguessr.com/game/4uZYBxlWqDvrl6ua,World - Game - GeoGuessr,21/3/2023 20:49,3,,Link,00:00.1,Chrome,ajg,Default,47,0,C:\Users\ajg\AppData\Local\Google\Chrome\User Data\Default\History,89116
https://www.geoguessr.com/game/EIIMWwtWFNP59MRl,World - Game - GeoGuessr,21/3/2023 20:48,3,,Link,00:00.1,Chrome,ajg,Default,47,0,C:\Users\ajg\AppData\Local\Google\Chrome\User Data\Default\History,89113
https://www.geoguessr.com/game/0uzxzqMrUjEY45eZ,GeoGuessr - Let's explore the world!,21/3/2023 20:46,4,,Link,00:00.1,Chrome,ajg,Default,47,0,C:\Users\ajg\AppData\Local\Google\Chrome\User Data\Default\History,89108
https://www.geoguessr.com/game/L2iDDzxyAgSwJPf8,World - Game - GeoGuessr,21/3/2023 20:45,3,,Link,00:00.1,Chrome,ajg,Default,47,0,C:\Users\ajg\AppData\Local\Google\Chrome\User Data\Default\History,89105
https://www.geoguessr.com/game/XaG8zYeX2zLl3HIS,World - Game - GeoGuessr,21/3/2023 20:44,3,,Link,00:00.1,Chrome,ajg,Default,47,0,C:\Users\ajg\AppData\Local\Google\Chrome\User Data\Default\History,89102
https://www.geoguessr.com/game/0mU6i18KIn7auMcL,World - Game - GeoGuessr,21/3/2023 20:42,4,,Link,00:00.1,Chrome,ajg,Default,47,0,C:\Users\ajg\AppData\Local\Google\Chrome\User Data\Default\History,89097
https://www.geoguessr.com/game/FSp4IDbgNyyJV5co,World - Game - GeoGuessr,21/3/2023 20:41,3,,Link,00:00.1,Chrome,ajg,Default,47,0,C:\Users\ajg\AppData\Local\Google\Chrome\User Data\Default\History,89094
https://www.geoguessr.com/game/irEPHCmKEHbaumVq,World - Game - GeoGuessr,21/3/2023 20:39,3,,Link,00:00.1,Chrome,ajg,Default,47,0,C:\Users\ajg\AppData\Local\Google\Chrome\User Data\Default\History,89091
https://www.geoguessr.com/game/WwWTwgYZah0AQbWg,World - Game - GeoGuessr,21/3/2023 20:38,4,,Link,00:00.1,Chrome,ajg,Default,47,0,C:\Users\ajg\AppData\Local\Google\Chrome\User Data\Default\History,89086
https://www.geoguessr.com/game/K07x66DIlvn2q4Pv,World - Game - GeoGuessr,21/3/2023 20:37,3,,Link,00:00.1,Chrome,ajg,Default,47,0,C:\Users\ajg\AppData\Local\Google\Chrome\User Data\Default\History,89083
https://www.geoguessr.com/game/WPmx7FaL336LsaXe,World - Game - GeoGuessr,21/3/2023 20:35,3,,Link,00:00.1,Chrome,ajg,Default,47,0,C:\Users\ajg\AppData\Local\Google\Chrome\User Data\Default\History,89080
https://www.geoguessr.com/game/MZCZpNMj4ixzBCo2,World - Game - GeoGuessr,21/3/2023 20:34,4,,Link,00:02.7,Chrome,ajg,Default,47,0,C:\Users\ajg\AppData\Local\Google\Chrome\User Data\Default\History,89075
https://www.geoguessr.com/game/dtj7Dh9h1AHK0h2V,World - Game - GeoGuessr,21/3/2023 20:33,3,,Link,00:00.1,Chrome,ajg,Default,47,0,C:\Users\ajg\AppData\Local\Google\Chrome\User Data\Default\History,89072
https://www.geoguessr.com/game/PS9XL8Nt2WsSKBT6,World - Game - GeoGuessr,21/3/2023 20:31,3,,Link,00:00.1,Chrome,ajg,Default,47,0,C:\Users\ajg\AppData\Local\Google\Chrome\User Data\Default\History,89069
https://www.geoguessr.com/game/2QT81L0CFQ4q9K8Q,World - Game - GeoGuessr,21/3/2023 20:30,4,,Link,00:00.1,Chrome,ajg,Default,47,0,C:\Users\ajg\AppData\Local\Google\Chrome\User Data\Default\History,89063
https://www.geoguessr.com/game/DnGlvcmabnLR7mhu,World - Game - GeoGuessr,21/3/2023 20:28,3,,Link,00:00.1,Chrome,ajg,Default,47,0,C:\Users\ajg\AppData\Local\Google\Chrome\User Data\Default\History,89060
https://www.geoguessr.com/game/IUYUjcXVVFcvv2Ja,World - Game - GeoGuessr,21/3/2023 20:27,3,,Link,00:00.1,Chrome,ajg,Default,47,0,C:\Users\ajg\AppData\Local\Google\Chrome\User Data\Default\History,89057
https://www.geoguessr.com/game/DjVawM6oYeGtABrJ,World - Game - GeoGuessr,21/3/2023 20:26,4,,Link,00:00.1,Chrome,ajg,Default,47,0,C:\Users\ajg\AppData\Local\Google\Chrome\User Data\Default\History,89052
https://www.geoguessr.com/game/4kJfbT3kINiGXUVS,World - Game - GeoGuessr,21/3/2023 20:24,3,,Link,00:00.1,Chrome,ajg,Default,47,0,C:\Users\ajg\AppData\Local\Google\Chrome\User Data\Default\History,89049
https://www.geoguessr.com/game/WGys89bmEGVGKOo9,World - Game - GeoGuessr,21/3/2023 20:23,3,,Link,00:00.2,Chrome,ajg,Default,47,0,C:\Users\ajg\AppData\Local\Google\Chrome\User Data\Default\History,89046
https://www.geoguessr.com/game/w3sZiJVWYgObTFpG,World - Game - GeoGuessr,21/3/2023 20:18,3,,Link,00:00.1,Chrome,ajg,Default,47,0,C:\Users\ajg\AppData\Local\Google\Chrome\User Data\Default\History,89042
https://www.geoguessr.com/game/CJXPs94AQpZYdSKS,GeoGuessr - Let's explore the world!,21/3/2023 20:16,4,,Link,00:00.1,Chrome,ajg,Default,47,0,C:\Users\ajg\AppData\Local\Google\Chrome\User Data\Default\History,89037
https://www.geoguessr.com/game/qGxKHMdnhEn94rp8,World - Game - GeoGuessr,21/3/2023 20:15,3,,Link,00:00.1,Chrome,ajg,Default,47,0,C:\Users\ajg\AppData\Local\Google\Chrome\User Data\Default\History,89034
https://www.geoguessr.com/game/gq99kGrJyegNozJB,World - Game - GeoGuessr,21/3/2023 20:13,3,,Link,00:00.1,Chrome,ajg,Default,47,0,C:\Users\ajg\AppData\Local\Google\Chrome\User Data\Default\History,89031
https://www.geoguessr.com/game/68Bi7tehthXvxr3G,GeoGuessr - Let's explore the world!,21/3/2023 20:12,4,,Link,00:00.1,Chrome,ajg,Default,47,0,C:\Users\ajg\AppData\Local\Google\Chrome\User Data\Default\History,89026
https://www.geoguessr.com/game/3nuCOVa63UzTVoY9,World - Game - GeoGuessr,21/3/2023 20:10,3,,Link,00:00.1,Chrome,ajg,Default,47,0,C:\Users\ajg\AppData\Local\Google\Chrome\User Data\Default\History,89023
https://www.geoguessr.com/game/dLv8ZJLjsuFSQjRV,World - Game - GeoGuessr,21/3/2023 20:09,3,,Link,00:00.1,Chrome,ajg,Default,47,0,C:\Users\ajg\AppData\Local\Google\Chrome\User Data\Default\History,89020
https://www.geoguessr.com/game/tqKgMLKx0KMVqQe2,GeoGuessr - Let's explore the world!,21/3/2023 20:07,4,,Link,00:00.1,Chrome,ajg,Default,47,0,C:\Users\ajg\AppData\Local\Google\Chrome\User Data\Default\History,89015
https://www.geoguessr.com/game/KUZoyEimNy7bWYFb,World - Game - GeoGuessr,21/3/2023 20:06,3,,Link,00:00.1,Chrome,ajg,Default,47,0,C:\Users\ajg\AppData\Local\Google\Chrome\User Data\Default\History,89012
https://www.geoguessr.com/game/mOhfevNooRLEQlwY,World - Game - GeoGuessr,21/3/2023 20:05,3,,Link,00:00.1,Chrome,ajg,Default,47,0,C:\Users\ajg\AppData\Local\Google\Chrome\User Data\Default\History,89009
https://www.geoguessr.com/game/SCatWmFN0kDIA2u4,GeoGuessr - Let's explore the world!,21/3/2023 19:59,4,,Link,00:00.1,Chrome,ajg,Default,47,0,C:\Users\ajg\AppData\Local\Google\Chrome\User Data\Default\History,89003
https://www.geoguessr.com/game/QNB5Iabqm77DOE69,World - Game - GeoGuessr,21/3/2023 19:57,3,,Link,00:00.1,Chrome,ajg,Default,47,0,C:\Users\ajg\AppData\Local\Google\Chrome\User Data\Default\History,89000
https://www.geoguessr.com/game/nfwc6pBXbAEuhoS6,World - Game - GeoGuessr,21/3/2023 19:56,3,,Link,00:00.1,Chrome,ajg,Default,47,0,C:\Users\ajg\AppData\Local\Google\Chrome\User Data\Default\History,88997
https://www.geoguessr.com/game/nUA2Kb3TnaWhzYt9,GeoGuessr - Let's explore the world!,21/3/2023 19:54,4,,Link,00:00.1,Chrome,ajg,Default,47,0,C:\Users\ajg\AppData\Local\Google\Chrome\User Data\Default\History,88992
https://www.geoguessr.com/game/awW80PYYRoApLdbg,World - Game - GeoGuessr,21/3/2023 19:53,3,,Link,00:00.2,Chrome,ajg,Default,47,0,C:\Users\ajg\AppData\Local\Google\Chrome\User Data\Default\History,88989
https://www.geoguessr.com/game/6XqJINlny5jWyZvj,World - Game - GeoGuessr,21/3/2023 19:52,3,,Link,00:00.1,Chrome,ajg,Default,47,0,C:\Users\ajg\AppData\Local\Google\Chrome\User Data\Default\History,88986
https://www.geoguessr.com/game/OLXqheFtMB9TS4hP,GeoGuessr - Let's explore the world!,21/3/2023 19:50,4,,Link,00:00.1,Chrome,ajg,Default,47,0,C:\Users\ajg\AppData\Local\Google\Chrome\User Data\Default\History,88981
https://www.geoguessr.com/game/353Tctx5KdhGiCkB,World - Game - GeoGuessr,21/3/2023 19:49,3,,Link,00:00.1,Chrome,ajg,Default,47,0,C:\Users\ajg\AppData\Local\Google\Chrome\User Data\Default\History,88978
https://www.geoguessr.com/game/RsgiRwf9olAc1QCv,World - Game - GeoGuessr,21/3/2023 19:47,3,,Link,00:00.1,Chrome,ajg,Default,47,0,C:\Users\ajg\AppData\Local\Google\Chrome\User Data\Default\History,88975
https://www.geoguessr.com/game/KJbsLYzU349RLoGj,GeoGuessr - Let's explore the world!,21/3/2023 19:46,4,,Link,00:00.2,Chrome,ajg,Default,47,0,C:\Users\ajg\AppData\Local\Google\Chrome\User Data\Default\History,88970
https://www.geoguessr.com/game/CekCTqfwoyJ97oGo,World - Game - GeoGuessr,21/3/2023 19:45,3,,Link,00:00.1,Chrome,ajg,Default,47,0,C:\Users\ajg\AppData\Local\Google\Chrome\User Data\Default\History,88967
https://www.geoguessr.com/game/Wn3QK35HLCxdAI0j,World - Game - GeoGuessr,21/3/2023 19:43,3,,Link,00:00.1,Chrome,ajg,Default,47,0,C:\Users\ajg\AppData\Local\Google\Chrome\User Data\Default\History,88964
https://www.geoguessr.com/game/LG2OWw83htHK0SHw,GeoGuessr - Let's explore the world!,21/3/2023 19:42,4,,Link,00:00.1,Chrome,ajg,Default,47,0,C:\Users\ajg\AppData\Local\Google\Chrome\User Data\Default\History,88959
https://www.geoguessr.com/game/7DCMgO8Bt3FAY1qs,World - Game - GeoGuessr,21/3/2023 19:40,3,,Link,00:00.1,Chrome,ajg,Default,47,0,C:\Users\ajg\AppData\Local\Google\Chrome\User Data\Default\History,88956
https://www.geoguessr.com/game/o9utdfH9styzgrMB,World - Game - GeoGuessr,21/3/2023 19:39,3,,Link,00:00.2,Chrome,ajg,Default,47,0,C:\Users\ajg\AppData\Local\Google\Chrome\User Data\Default\History,88953
https://www.geoguessr.com/game/QDjGzK486UCrvFnC,World - Game - GeoGuessr,21/3/2023 19:38,4,,Link,00:00.1,Chrome,ajg,Default,47,0,C:\Users\ajg\AppData\Local\Google\Chrome\User Data\Default\History,88948
https://www.geoguessr.com/game/r4KjlfRB89aG74Qe,World - Game - GeoGuessr,21/3/2023 19:36,3,,Link,00:00.1,Chrome,ajg,Default,47,0,C:\Users\ajg\AppData\Local\Google\Chrome\User Data\Default\History,88945
https://www.geoguessr.com/game/G4dCrpS5EWUtM6T6,World - Game - GeoGuessr,21/3/2023 19:35,3,,Link,00:00.1,Chrome,ajg,Default,47,0,C:\Users\ajg\AppData\Local\Google\Chrome\User Data\Default\History,88942
https://www.geoguessr.com/game/HeGG5dpwBVNEPG1N,World - Game - GeoGuessr,21/3/2023 19:34,4,,Link,00:00.1,Chrome,ajg,Default,47,0,C:\Users\ajg\AppData\Local\Google\Chrome\User Data\Default\History,88937
https://www.geoguessr.com/game/N3QUNFmAb7Ma34Q7,World - Game - GeoGuessr,21/3/2023 19:32,3,,Link,00:00.1,Chrome,ajg,Default,47,0,C:\Users\ajg\AppData\Local\Google\Chrome\User Data\Default\History,88934
https://www.geoguessr.com/game/SDYL8o2CMazux0Kd,World - Game - GeoGuessr,21/3/2023 19:31,3,,Link,00:00.2,Chrome,ajg,Default,47,0,C:\Users\ajg\AppData\Local\Google\Chrome\User Data\Default\History,88931
https://www.geoguessr.com/game/6S9h77vot16bvVEN,World - Game - GeoGuessr,21/3/2023 19:30,4,,Link,00:00.2,Chrome,ajg,Default,47,0,C:\Users\ajg\AppData\Local\Google\Chrome\User Data\Default\History,88926
https://www.geoguessr.com/game/LHGWGCW81QrZf5P3,World - Game - GeoGuessr,21/3/2023 19:28,3,,Link,00:00.1,Chrome,ajg,Default,47,0,C:\Users\ajg\AppData\Local\Google\Chrome\User Data\Default\History,88923
https://www.geoguessr.com/game/eoAZRmq8704oOPOS,World - Game - GeoGuessr,21/3/2023 19:27,3,,Link,00:00.1,Chrome,ajg,Default,47,0,C:\Users\ajg\AppData\Local\Google\Chrome\User Data\Default\History,88920
https://www.geoguessr.com/game/MPAM4JVnoCv3vhOq,World - Game - GeoGuessr,21/3/2023 19:26,4,,Link,00:00.3,Chrome,ajg,Default,47,0,C:\Users\ajg\AppData\Local\Google\Chrome\User Data\Default\History,88915
https://www.geoguessr.com/game/ZQNhFdGZDV6ZFGA7,World - Game - GeoGuessr,21/3/2023 19:24,3,,Link,00:00.1,Chrome,ajg,Default,47,0,C:\Users\ajg\AppData\Local\Google\Chrome\User Data\Default\History,88912
https://www.geoguessr.com/game/5eQjgBAze4YQJnFK,World - Game - GeoGuessr,21/3/2023 19:23,3,,Link,00:00.1,Chrome,ajg,Default,47,0,C:\Users\ajg\AppData\Local\Google\Chrome\User Data\Default\History,88909
https://www.geoguessr.com/game/7rE7QQtkGfJTy5rG,World - Game - GeoGuessr,21/3/2023 19:20,3,,Link,00:00.1,Chrome,ajg,Default,47,0,C:\Users\ajg\AppData\Local\Google\Chrome\User Data\Default\History,88905
https://www.geoguessr.com/game/HZZXgrY3HTKyBv1u,World - Game - GeoGuessr,21/3/2023 19:19,3,,Link,00:00.1,Chrome,ajg,Default,47,0,C:\Users\ajg\AppData\Local\Google\Chrome\User Data\Default\History,88902
https://www.geoguessr.com/game/wq4jlVEG0wcFTBlO,World - Game - GeoGuessr,21/3/2023 19:17,3,,Link,00:00.1,Chrome,ajg,Default,47,0,C:\Users\ajg\AppData\Local\Google\Chrome\User Data\Default\History,88899
https://www.geoguessr.com/game/TqTNRobSwG50aP4B,GeoGuessr - Let's explore the world!,21/3/2023 19:16,4,,Link,00:00.1,Chrome,ajg,Default,47,0,C:\Users\ajg\AppData\Local\Google\Chrome\User Data\Default\History,88894
https://www.geoguessr.com/game/japa6N4tDNzl36Bb,World - Game - GeoGuessr,21/3/2023 19:15,3,,Link,00:00.1,Chrome,ajg,Default,47,0,C:\Users\ajg\AppData\Local\Google\Chrome\User Data\Default\History,88891
https://www.geoguessr.com/game/kLBxQumm6oBoTjug,World - Game - GeoGuessr,21/3/2023 19:13,3,,Link,00:00.1,Chrome,ajg,Default,47,0,C:\Users\ajg\AppData\Local\Google\Chrome\User Data\Default\History,88888
https://www.geoguessr.com/game/jHFpclwtbpkQHjaQ,GeoGuessr - Let's explore the world!,21/3/2023 19:12,4,,Link,00:00.1,Chrome,ajg,Default,47,0,C:\Users\ajg\AppData\Local\Google\Chrome\User Data\Default\History,88883
https://www.geoguessr.com/game/TT2U2DumkSMSYB7T,World - Game - GeoGuessr,21/3/2023 19:10,3,,Link,00:00.1,Chrome,ajg,Default,47,0,C:\Users\ajg\AppData\Local\Google\Chrome\User Data\Default\History,88880
https://www.geoguessr.com/game/vP8HT734JgGQS3hF,World - Game - GeoGuessr,21/3/2023 19:09,3,,Link,00:00.2,Chrome,ajg,Default,47,0,C:\Users\ajg\AppData\Local\Google\Chrome\User Data\Default\History,88877
https://www.geoguessr.com/game/oTBzZt12R4hGaQtB,GeoGuessr - Let's explore the world!,21/3/2023 19:07,4,,Link,00:00.1,Chrome,ajg,Default,47,0,C:\Users\ajg\AppData\Local\Google\Chrome\User Data\Default\History,88872
https://www.geoguessr.com/game/72Lk7biPRnXxeKKb,World - Game - GeoGuessr,21/3/2023 19:06,3,,Link,00:00.1,Chrome,ajg,Default,47,0,C:\Users\ajg\AppData\Local\Google\Chrome\User Data\Default\History,88869
https://www.geoguessr.com/game/E4LystixIHVewU32,World - Game - GeoGuessr,21/3/2023 19:05,3,,Link,00:00.1,Chrome,ajg,Default,47,0,C:\Users\ajg\AppData\Local\Google\Chrome\User Data\Default\History,88866
https://www.geoguessr.com/game/GxxMsSAqAFwHg2QG,GeoGuessr - Let's explore the world!,21/3/2023 19:03,4,,Link,00:00.1,Chrome,ajg,Default,47,0,C:\Users\ajg\AppData\Local\Google\Chrome\User Data\Default\History,88861
https://www.geoguessr.com/game/hGJoPb1K1CzQUicz,World - Game - GeoGuessr,21/3/2023 19:02,3,,Link,00:00.1,Chrome,ajg,Default,47,0,C:\Users\ajg\AppData\Local\Google\Chrome\User Data\Default\History,88858
https://www.geoguessr.com/game/3hYFzvuLmvakiW4K,World - Game - GeoGuessr,21/3/2023 19:00,3,,Link,00:00.1,Chrome,ajg,Default,47,0,C:\Users\ajg\AppData\Local\Google\Chrome\User Data\Default\History,88855
https://www.geoguessr.com/game/0fEflq7mqMOMt8s0,GeoGuessr - Let's explore the world!,21/3/2023 18:59,4,,Link,00:00.1,Chrome,ajg,Default,47,0,C:\Users\ajg\AppData\Local\Google\Chrome\User Data\Default\History,88850
https://www.geoguessr.com/game/RuvAxlCvQMR8TCK8,World - Game - GeoGuessr,21/3/2023 18:57,3,,Link,00:00.2,Chrome,ajg,Default,47,0,C:\Users\ajg\AppData\Local\Google\Chrome\User Data\Default\History,88847
https://www.geoguessr.com/game/M8FcZvsNiXhJJ1d2,World - Game - GeoGuessr,21/3/2023 18:56,3,,Link,00:00.1,Chrome,ajg,Default,47,0,C:\Users\ajg\AppData\Local\Google\Chrome\User Data\Default\History,88844
https://www.geoguessr.com/game/UaeOxrI5PvP34Jep,GeoGuessr - Let's explore the world!,21/3/2023 18:54,4,,Link,00:00.2,Chrome,ajg,Default,47,0,C:\Users\ajg\AppData\Local\Google\Chrome\User Data\Default\History,88839
https://www.geoguessr.com/game/cxc0o2ZzSYA9x7FQ,World - Game - GeoGuessr,21/3/2023 18:53,3,,Link,00:00.1,Chrome,ajg,Default,47,0,C:\Users\ajg\AppData\Local\Google\Chrome\User Data\Default\History,88836
https://www.geoguessr.com/game/cS1UTeBlZP8shwgq,World - Game - GeoGuessr,21/3/2023 18:52,3,,Link,00:00.1,Chrome,ajg,Default,47,0,C:\Users\ajg\AppData\Local\Google\Chrome\User Data\Default\History,88833
https://www.geoguessr.com/game/BEnjFBsfLZ4NZifb,GeoGuessr - Let's explore the world!,21/3/2023 18:50,4,,Link,00:00.1,Chrome,ajg,Default,47,0,C:\Users\ajg\AppData\Local\Google\Chrome\User Data\Default\History,88828
https://www.geoguessr.com/game/6iNDuV7TchqT0wc6,World - Game - GeoGuessr,21/3/2023 18:49,3,,Link,00:00.1,Chrome,ajg,Default,47,0,C:\Users\ajg\AppData\Local\Google\Chrome\User Data\Default\History,88825
https://www.geoguessr.com/game/h3GahpJElqsrjgPJ,World - Game - GeoGuessr,21/3/2023 18:47,3,,Link,00:00.1,Chrome,ajg,Default,47,0,C:\Users\ajg\AppData\Local\Google\Chrome\User Data\Default\History,88822
https://www.geoguessr.com/game/MekdyWOcfoeD9z3A,GeoGuessr - Let's explore the world!,21/3/2023 18:46,4,,Link,00:00.1,Chrome,ajg,Default,47,0,C:\Users\ajg\AppData\Local\Google\Chrome\User Data\Default\History,88817
https://www.geoguessr.com/game/0TNx6GFU9ZLV6JZS,World - Game - GeoGuessr,21/3/2023 18:45,3,,Link,00:00.1,Chrome,ajg,Default,47,0,C:\Users\ajg\AppData\Local\Google\Chrome\User Data\Default\History,88814
https://www.geoguessr.com/game/sTQm8ACXTkG104g4,World - Game - GeoGuessr,21/3/2023 18:43,3,,Link,00:00.1,Chrome,ajg,Default,47,0,C:\Users\ajg\AppData\Local\Google\Chrome\User Data\Default\History,88811
https://www.geoguessr.com/game/GcqSoB3lIrrdldYc,GeoGuessr - Let's explore the world!,21/3/2023 18:42,4,,Link,00:00.1,Chrome,ajg,Default,47,0,C:\Users\ajg\AppData\Local\Google\Chrome\User Data\Default\History,88806
https://www.geoguessr.com/game/5Kk1Noaxz78KlN1o,World - Game - GeoGuessr,21/3/2023 18:40,3,,Link,00:00.1,Chrome,ajg,Default,47,0,C:\Users\ajg\AppData\Local\Google\Chrome\User Data\Default\History,88803
https://www.geoguessr.com/game/08MxBU14HbZeXxvu,World - Game - GeoGuessr,21/3/2023 18:39,3,,Link,00:00.1,Chrome,ajg,Default,47,0,C:\Users\ajg\AppData\Local\Google\Chrome\User Data\Default\History,88800
https://www.geoguessr.com/game/f49A84FnOkJF9OzN,GeoGuessr - Let's explore the world!,21/3/2023 18:37,4,,Link,00:00.1,Chrome,ajg,Default,47,0,C:\Users\ajg\AppData\Local\Google\Chrome\User Data\Default\History,88795
https://www.geoguessr.com/game/mdNXrgTHtN9mjfBx,World - Game - GeoGuessr,21/3/2023 18:36,3,,Link,00:00.1,Chrome,ajg,Default,47,0,C:\Users\ajg\AppData\Local\Google\Chrome\User Data\Default\History,88792
https://www.geoguessr.com/game/SS03BttzBMQTQjuk,World - Game - GeoGuessr,21/3/2023 18:35,3,,Link,00:00.1,Chrome,ajg,Default,47,0,C:\Users\ajg\AppData\Local\Google\Chrome\User Data\Default\History,88789
https://www.geoguessr.com/game/ci69jNXI2xWfALZj,GeoGuessr - Let's explore the world!,21/3/2023 18:33,4,,Link,00:00.1,Chrome,ajg,Default,47,0,C:\Users\ajg\AppData\Local\Google\Chrome\User Data\Default\History,88784
https://www.geoguessr.com/game/TNI7IbLhPF6wX0Qy,World - Game - GeoGuessr,21/3/2023 18:32,3,,Link,00:00.1,Chrome,ajg,Default,47,0,C:\Users\ajg\AppData\Local\Google\Chrome\User Data\Default\History,88781
https://www.geoguessr.com/game/DCQALNo59mNICvtX,World - Game - GeoGuessr,21/3/2023 18:30,3,,Link,00:00.1,Chrome,ajg,Default,47,0,C:\Users\ajg\AppData\Local\Google\Chrome\User Data\Default\History,88778
https://www.geoguessr.com/game/xQzrDGo4xNfK1kk6,GeoGuessr - Let's explore the world!,21/3/2023 18:29,4,,Link,00:00.1,Chrome,ajg,Default,47,0,C:\Users\ajg\AppData\Local\Google\Chrome\User Data\Default\History,88773
https://www.geoguessr.com/game/DiEd5Htpqe0kQVdX,World - Game - GeoGuessr,21/3/2023 18:27,3,,Link,00:00.1,Chrome,ajg,Default,47,0,C:\Users\ajg\AppData\Local\Google\Chrome\User Data\Default\History,88770
https://www.geoguessr.com/game/VGmTIk79ndSWNymR,World - Game - GeoGuessr,21/3/2023 18:26,3,,Link,00:00.1,Chrome,ajg,Default,47,0,C:\Users\ajg\AppData\Local\Google\Chrome\User Data\Default\History,88767
https://www.geoguessr.com/game/EuZ36bsbyyvxhGIX,GeoGuessr - Let's explore the world!,21/3/2023 18:24,4,,Link,00:00.2,Chrome,ajg,Default,47,0,C:\Users\ajg\AppData\Local\Google\Chrome\User Data\Default\History,88762
https://www.geoguessr.com/game/CQ3ir4KQh5u6Mkad,World - Game - GeoGuessr,21/3/2023 18:23,3,,Link,00:00.1,Chrome,ajg,Default,47,0,C:\Users\ajg\AppData\Local\Google\Chrome\User Data\Default\History,88759
https://www.geoguessr.com/game/CXNiMBtkzJpRGf7Y,World - Game - GeoGuessr,21/3/2023 18:22,3,,Link,00:00.1,Chrome,ajg,Default,47,0,C:\Users\ajg\AppData\Local\Google\Chrome\User Data\Default\History,88756
https://www.geoguessr.com/game/iY5WlpEN0uezgqNt,GeoGuessr - Let's explore the world!,21/3/2023 18:20,4,,Link,00:00.1,Chrome,ajg,Default,47,0,C:\Users\ajg\AppData\Local\Google\Chrome\User Data\Default\History,88751
https://www.geoguessr.com/game/3l4BUfy8QrMZl63P,World - Game - GeoGuessr,21/3/2023 18:19,3,,Link,00:00.1,Chrome,ajg,Default,47,0,C:\Users\ajg\AppData\Local\Google\Chrome\User Data\Default\History,88748
https://www.geoguessr.com/game/F925g5oJ5apBWiFp,World - Game - GeoGuessr,21/3/2023 18:18,3,,Link,00:00.1,Chrome,ajg,Default,47,0,C:\Users\ajg\AppData\Local\Google\Chrome\User Data\Default\History,88745
https://www.geoguessr.com/game/dt6HpCnoUFDhDXbs,GeoGuessr - Let's explore the world!,21/3/2023 18:16,4,,Link,00:00.2,Chrome,ajg,Default,47,0,C:\Users\ajg\AppData\Local\Google\Chrome\User Data\Default\History,88740
https://www.geoguessr.com/game/SvtGDARoNfd0peQH,World - Game - GeoGuessr,21/3/2023 18:15,3,,Link,00:00.1,Chrome,ajg,Default,47,0,C:\Users\ajg\AppData\Local\Google\Chrome\User Data\Default\History,88737
https://www.geoguessr.com/game/h8UbGqqlEvuu9ZJP,World - Game - GeoGuessr,21/3/2023 18:13,3,,Link,00:00.1,Chrome,ajg,Default,47,0,C:\Users\ajg\AppData\Local\Google\Chrome\User Data\Default\History,88734
https://www.geoguessr.com/game/TcUmHL1SxsgaJqFg,GeoGuessr - Let's explore the world!,21/3/2023 18:12,4,,Link,00:00.1,Chrome,ajg,Default,47,0,C:\Users\ajg\AppData\Local\Google\Chrome\User Data\Default\History,88729
https://www.geoguessr.com/game/MiKQeMmB2yw1KlzO,World - Game - GeoGuessr,21/3/2023 18:10,3,,Link,00:00.1,Chrome,ajg,Default,47,0,C:\Users\ajg\AppData\Local\Google\Chrome\User Data\Default\History,88726
https://www.geoguessr.com/game/a7luT4uUukHixBLJ,World - Game - GeoGuessr,21/3/2023 18:09,3,,Link,00:00.1,Chrome,ajg,Default,47,0,C:\Users\ajg\AppData\Local\Google\Chrome\User Data\Default\History,88723
https://www.geoguessr.com/game/Gb5Qg01iXdIaCYUj,GeoGuessr - Let's explore the world!,21/3/2023 18:03,4,,Link,00:00.1,Chrome,ajg,Default,47,0,C:\Users\ajg\AppData\Local\Google\Chrome\User Data\Default\History,88717
https://www.geoguessr.com/game/iEDLtkFXLahIOy3j,World - Game - GeoGuessr,21/3/2023 18:02,3,,Link,00:00.1,Chrome,ajg,Default,47,0,C:\Users\ajg\AppData\Local\Google\Chrome\User Data\Default\History,88714
https://www.geoguessr.com/game/HkmIzdgGC6AzUxqz,World - Game - GeoGuessr,21/3/2023 18:00,3,,Link,00:00.1,Chrome,ajg,Default,47,0,C:\Users\ajg\AppData\Local\Google\Chrome\User Data\Default\History,88711
https://www.geoguessr.com/game/PEzb47ftRijkaJsB,GeoGuessr - Let's explore the world!,21/3/2023 17:59,4,,Link,00:00.1,Chrome,ajg,Default,47,0,C:\Users\ajg\AppData\Local\Google\Chrome\User Data\Default\History,88706
https://www.geoguessr.com/game/aX4fuuNza49Hxuvp,World - Game - GeoGuessr,21/3/2023 17:57,3,,Link,00:00.1,Chrome,ajg,Default,47,0,C:\Users\ajg\AppData\Local\Google\Chrome\User Data\Default\History,88703
https://www.geoguessr.com/game/Z3iKadTCdpmojcZL,World - Game - GeoGuessr,21/3/2023 17:56,3,,Link,00:00.1,Chrome,ajg,Default,47,0,C:\Users\ajg\AppData\Local\Google\Chrome\User Data\Default\History,88700
https://www.geoguessr.com/game/jLu8AV8xSSTP7irK,GeoGuessr - Let's explore the world!,21/3/2023 17:54,4,,Link,00:00.1,Chrome,ajg,Default,47,0,C:\Users\ajg\AppData\Local\Google\Chrome\User Data\Default\History,88695
https://www.geoguessr.com/game/kBv9pfYI8wqUn5nS,World - Game - GeoGuessr,21/3/2023 17:53,3,,Link,00:00.1,Chrome,ajg,Default,47,0,C:\Users\ajg\AppData\Local\Google\Chrome\User Data\Default\History,88692
https://www.geoguessr.com/game/5vw1HwKnaN3Ye7Iy,World - Game - GeoGuessr,21/3/2023 17:52,3,,Link,00:00.1,Chrome,ajg,Default,47,0,C:\Users\ajg\AppData\Local\Google\Chrome\User Data\Default\History,88689
https://www.geoguessr.com/game/f3DRha3IudAgbFVp,GeoGuessr - Let's explore the world!,21/3/2023 17:50,4,,Link,00:00.1,Chrome,ajg,Default,47,0,C:\Users\ajg\AppData\Local\Google\Chrome\User Data\Default\History,88684
https://www.geoguessr.com/game/rRyl4Dn1L4JZTzKc,World - Game - GeoGuessr,21/3/2023 17:49,3,,Link,00:00.2,Chrome,ajg,Default,47,0,C:\Users\ajg\AppData\Local\Google\Chrome\User Data\Default\History,88681
https://www.geoguessr.com/game/BpWCGBik3Mid07OK,World - Game - GeoGuessr,21/3/2023 17:48,3,,Link,00:00.1,Chrome,ajg,Default,47,0,C:\Users\ajg\AppData\Local\Google\Chrome\User Data\Default\History,88678
https://www.geoguessr.com/game/ocWUpXZqPgFHxOcp,GeoGuessr - Let's explore the world!,21/3/2023 17:46,4,,Link,00:00.1,Chrome,ajg,Default,47,0,C:\Users\ajg\AppData\Local\Google\Chrome\User Data\Default\History,88673
https://www.geoguessr.com/game/TTmEqz3Awo3HhA61,World - Game - GeoGuessr,21/3/2023 17:45,3,,Link,00:00.1,Chrome,ajg,Default,47,0,C:\Users\ajg\AppData\Local\Google\Chrome\User Data\Default\History,88670
https://www.geoguessr.com/game/yvVqThdIvPHM7JRI,World - Game - GeoGuessr,21/3/2023 17:43,3,,Link,00:00.1,Chrome,ajg,Default,47,0,C:\Users\ajg\AppData\Local\Google\Chrome\User Data\Default\History,88667
https://www.geoguessr.com/game/YUr1Y5bihlGnUHa5,GeoGuessr - Let's explore the world!,21/3/2023 17:42,4,,Link,00:00.1,Chrome,ajg,Default,47,0,C:\Users\ajg\AppData\Local\Google\Chrome\User Data\Default\History,88662
https://www.geoguessr.com/game/3k09kYcbojMTTJYW,World - Game - GeoGuessr,21/3/2023 17:40,3,,Link,00:00.1,Chrome,ajg,Default,47,0,C:\Users\ajg\AppData\Local\Google\Chrome\User Data\Default\History,88659
https://www.geoguessr.com/game/nzx6QNBwDABFYLhi,World - Game - GeoGuessr,21/3/2023 17:39,3,,Link,00:00.2,Chrome,ajg,Default,47,0,C:\Users\ajg\AppData\Local\Google\Chrome\User Data\Default\History,88656
https://www.geoguessr.com/game/uVN5DjBhbVjUvkMA,GeoGuessr - Let's explore the world!,21/3/2023 17:38,4,,Link,00:00.1,Chrome,ajg,Default,47,0,C:\Users\ajg\AppData\Local\Google\Chrome\User Data\Default\History,88651
https://www.geoguessr.com/game/pFqGaJfL178jGYpZ,World - Game - GeoGuessr,21/3/2023 17:36,3,,Link,00:00.1,Chrome,ajg,Default,47,0,C:\Users\ajg\AppData\Local\Google\Chrome\User Data\Default\History,88648
https://www.geoguessr.com/game/V1sO9L8caWpLzc38,World - Game - GeoGuessr,21/3/2023 17:35,3,,Link,00:00.1,Chrome,ajg,Default,47,0,C:\Users\ajg\AppData\Local\Google\Chrome\User Data\Default\History,88645
https://www.geoguessr.com/game/KYItK6ucEpNzHoWE,World - Game - GeoGuessr,21/3/2023 17:34,4,,Link,00:00.1,Chrome,ajg,Default,47,0,C:\Users\ajg\AppData\Local\Google\Chrome\User Data\Default\History,88640
https://www.geoguessr.com/game/pRAXBzTpOjV1zN3j,World - Game - GeoGuessr,21/3/2023 17:32,3,,Link,00:00.1,Chrome,ajg,Default,47,0,C:\Users\ajg\AppData\Local\Google\Chrome\User Data\Default\History,88637
https://www.geoguessr.com/game/MxvhaddyDW9zQPM8,World - Game - GeoGuessr,21/3/2023 17:31,3,,Link,00:00.1,Chrome,ajg,Default,47,0,C:\Users\ajg\AppData\Local\Google\Chrome\User Data\Default\History,88634
https://www.geoguessr.com/game/0xi7PvadOBgt6cZc,World - Game - GeoGuessr,21/3/2023 17:29,4,,Link,00:00.1,Chrome,ajg,Default,47,0,C:\Users\ajg\AppData\Local\Google\Chrome\User Data\Default\History,88629
https://www.geoguessr.com/game/9XblGrbQAFQIB9O2,World - Game - GeoGuessr,21/3/2023 17:28,3,,Link,00:00.1,Chrome,ajg,Default,47,0,C:\Users\ajg\AppData\Local\Google\Chrome\User Data\Default\History,88626
https://www.geoguessr.com/game/Bs1gKcYaVRO9mOg6,World - Game - GeoGuessr,21/3/2023 17:27,3,,Link,00:00.1,Chrome,ajg,Default,47,0,C:\Users\ajg\AppData\Local\Google\Chrome\User Data\Default\History,88623
https://www.geoguessr.com/game/vA9lKzGKOV1cWpYn,World - Game - GeoGuessr,21/3/2023 17:25,4,,Link,00:00.1,Chrome,ajg,Default,47,0,C:\Users\ajg\AppData\Local\Google\Chrome\User Data\Default\History,88618
https://www.geoguessr.com/game/2OuJUQqk31Pmj7ZR,World - Game - GeoGuessr,21/3/2023 17:24,3,,Link,00:00.1,Chrome,ajg,Default,47,0,C:\Users\ajg\AppData\Local\Google\Chrome\User Data\Default\History,88615
https://www.geoguessr.com/game/sz81sto2EesRYvb8,World - Game - GeoGuessr,21/3/2023 17:23,3,,Link,00:00.1,Chrome,ajg,Default,47,0,C:\Users\ajg\AppData\Local\Google\Chrome\User Data\Default\History,88612
https://www.geoguessr.com/game/7W3QHg4C9ggt5fqQ,World - Game - GeoGuessr,21/3/2023 17:21,4,,Link,00:00.1,Chrome,ajg,Default,47,0,C:\Users\ajg\AppData\Local\Google\Chrome\User Data\Default\History,88607
https://www.geoguessr.com/game/rOfznry5LbXpj1Fc,World - Game - GeoGuessr,21/3/2023 17:20,3,,Link,00:00.2,Chrome,ajg,Default,47,0,C:\Users\ajg\AppData\Local\Google\Chrome\User Data\Default\History,88604
https://www.geoguessr.com/game/ZKBDa6NtBEF2l5p9,World - Game - GeoGuessr,21/3/2023 17:19,3,,Link,00:00.1,Chrome,ajg,Default,47,0,C:\Users\ajg\AppData\Local\Google\Chrome\User Data\Default\History,88601
https://www.geoguessr.com/game/Y6wpRxr1zeKNT6kb,World - Game - GeoGuessr,21/3/2023 17:16,3,,Link,00:00.1,Chrome,ajg,Default,47,0,C:\Users\ajg\AppData\Local\Google\Chrome\User Data\Default\History,88597
https://www.geoguessr.com/game/trdvq1NDEqzQl7ue,World - Game - GeoGuessr,21/3/2023 17:15,3,,Link,00:00.1,Chrome,ajg,Default,47,0,C:\Users\ajg\AppData\Local\Google\Chrome\User Data\Default\History,88594
https://www.geoguessr.com/game/1Uv7zQJ9WpnBgxND,World - Game - GeoGuessr,21/3/2023 17:13,3,,Link,00:00.1,Chrome,ajg,Default,47,0,C:\Users\ajg\AppData\Local\Google\Chrome\User Data\Default\History,88591
https://www.geoguessr.com/game/O4z5NzVLwoOZHXKu,GeoGuessr - Let's explore the world!,21/3/2023 17:12,4,,Link,00:00.1,Chrome,ajg,Default,47,0,C:\Users\ajg\AppData\Local\Google\Chrome\User Data\Default\History,88586
https://www.geoguessr.com/game/YpAyO12ZxofCCzeU,World - Game - GeoGuessr,21/3/2023 17:10,3,,Link,00:00.1,Chrome,ajg,Default,47,0,C:\Users\ajg\AppData\Local\Google\Chrome\User Data\Default\History,88583
https://www.geoguessr.com/game/Q6ghDQil8FzuNavR,World - Game - GeoGuessr,21/3/2023 17:09,3,,Link,00:00.1,Chrome,ajg,Default,47,0,C:\Users\ajg\AppData\Local\Google\Chrome\User Data\Default\History,88580
https://www.geoguessr.com/game/MPdF8FgPY5T0BtCZ,GeoGuessr - Let's explore the world!,21/3/2023 17:07,4,,Link,00:00.1,Chrome,ajg,Default,47,0,C:\Users\ajg\AppData\Local\Google\Chrome\User Data\Default\History,88575
https://www.geoguessr.com/game/XEIIoxMm4Rlp0u5l,World - Game - GeoGuessr,21/3/2023 17:06,3,,Link,00:00.1,Chrome,ajg,Default,47,0,C:\Users\ajg\AppData\Local\Google\Chrome\User Data\Default\History,88572
https://www.geoguessr.com/game/FeeRQ4KuWkelKEjA,World - Game - GeoGuessr,21/3/2023 17:05,3,,Link,00:00.1,Chrome,ajg,Default,47,0,C:\Users\ajg\AppData\Local\Google\Chrome\User Data\Default\History,88569
https://www.geoguessr.com/game/pxMW6yJKjDUmjjBI,GeoGuessr - Let's explore the world!,21/3/2023 17:03,4,,Link,00:00.2,Chrome,ajg,Default,47,0,C:\Users\ajg\AppData\Local\Google\Chrome\User Data\Default\History,88564
https://www.geoguessr.com/game/YEXW1Jme0ITh5Lrj,World - Game - GeoGuessr,21/3/2023 17:02,3,,Link,00:00.1,Chrome,ajg,Default,47,0,C:\Users\ajg\AppData\Local\Google\Chrome\User Data\Default\History,88561
https://www.geoguessr.com/game/3QEZALAeiJmEL5uC,World - Game - GeoGuessr,21/3/2023 17:01,3,,Link,00:00.1,Chrome,ajg,Default,47,0,C:\Users\ajg\AppData\Local\Google\Chrome\User Data\Default\History,88558
https://www.geoguessr.com/game/LAEs8lgCcMqLIldO,World - Game - GeoGuessr,21/3/2023 16:59,4,,Link,00:00.1,Chrome,ajg,Default,47,0,C:\Users\ajg\AppData\Local\Google\Chrome\User Data\Default\History,88553
https://www.geoguessr.com/game/zNOjiosYRbCDU4ln,World - Game - GeoGuessr,21/3/2023 16:58,3,,Link,00:00.1,Chrome,ajg,Default,47,0,C:\Users\ajg\AppData\Local\Google\Chrome\User Data\Default\History,88550
https://www.geoguessr.com/game/389LRtSo7la4XbwC,World - Game - GeoGuessr,21/3/2023 16:57,3,,Link,00:00.1,Chrome,ajg,Default,47,0,C:\Users\ajg\AppData\Local\Google\Chrome\User Data\Default\History,88547
https://www.geoguessr.com/game/OTdWzDYuYRR80mt0,World - Game - GeoGuessr,21/3/2023 16:55,4,,Link,00:00.1,Chrome,ajg,Default,47,0,C:\Users\ajg\AppData\Local\Google\Chrome\User Data\Default\History,88542
https://www.geoguessr.com/game/2COmw77EdxgqVABF,World - Game - GeoGuessr,21/3/2023 16:54,3,,Link,00:00.1,Chrome,ajg,Default,47,0,C:\Users\ajg\AppData\Local\Google\Chrome\User Data\Default\History,88539
https://www.geoguessr.com/game/m3907hzkiWIneuLZ,World - Game - GeoGuessr,21/3/2023 16:53,3,,Link,00:00.1,Chrome,ajg,Default,47,0,C:\Users\ajg\AppData\Local\Google\Chrome\User Data\Default\History,88536
https://www.geoguessr.com/game/pAiCwsruC2PSDEtJ,World - Game - GeoGuessr,21/3/2023 16:51,4,,Link,00:00.1,Chrome,ajg,Default,47,0,C:\Users\ajg\AppData\Local\Google\Chrome\User Data\Default\History,88531
https://www.geoguessr.com/game/MpHL2SsFpqw2KKEF,World - Game - GeoGuessr,21/3/2023 16:50,3,,Link,00:00.1,Chrome,ajg,Default,47,0,C:\Users\ajg\AppData\Local\Google\Chrome\User Data\Default\History,88528
https://www.geoguessr.com/game/Wg9UVaG1b4xlVZBh,World - Game - GeoGuessr,21/3/2023 16:49,3,,Link,00:00.1,Chrome,ajg,Default,47,0,C:\Users\ajg\AppData\Local\Google\Chrome\User Data\Default\History,88525
https://www.geoguessr.com/game/rYvPhTCOXtPWetq5,World - Game - GeoGuessr,21/3/2023 16:47,4,,Link,00:00.2,Chrome,ajg,Default,47,0,C:\Users\ajg\AppData\Local\Google\Chrome\User Data\Default\History,88520
https://www.geoguessr.com/game/qQV1yGrPbl2nE4Pa,World - Game - GeoGuessr,21/3/2023 16:46,3,,Link,00:00.1,Chrome,ajg,Default,47,0,C:\Users\ajg\AppData\Local\Google\Chrome\User Data\Default\History,88517
https://www.geoguessr.com/game/SjJeJzdY2oGYU0pb,World - Game - GeoGuessr,21/3/2023 16:45,3,,Link,00:00.2,Chrome,ajg,Default,47,0,C:\Users\ajg\AppData\Local\Google\Chrome\User Data\Default\History,88514
https://www.geoguessr.com/game/ywoGVqwuy2ylOIJU,World - Game - GeoGuessr,21/3/2023 16:43,3,,Link,00:00.1,Chrome,ajg,Default,47,0,C:\Users\ajg\AppData\Local\Google\Chrome\User Data\Default\History,88510
https://www.geoguessr.com/game/4R7njsjEzP0Px2wu,World - Game - GeoGuessr,21/3/2023 16:42,3,,Link,00:00.1,Chrome,ajg,Default,47,0,C:\Users\ajg\AppData\Local\Google\Chrome\User Data\Default\History,88507
https://www.geoguessr.com/game/O8LUywCOFl2r7z5Q,World - Game - GeoGuessr,21/3/2023 16:40,3,,Link,00:00.1,Chrome,ajg,Default,47,0,C:\Users\ajg\AppData\Local\Google\Chrome\User Data\Default\History,88504
https://www.geoguessr.com/game/UwjQcKCrKu7ySPPO,World - Game - GeoGuessr,21/3/2023 16:35,3,,Link,00:00.1,Chrome,ajg,Default,47,0,C:\Users\ajg\AppData\Local\Google\Chrome\User Data\Default\History,88500
https://www.geoguessr.com/game/EWN3CTbfoFq6zWRL,World - Game - GeoGuessr,21/3/2023 16:34,4,,Link,00:02.0,Chrome,ajg,Default,47,0,C:\Users\ajg\AppData\Local\Google\Chrome\User Data\Default\History,88495
https://www.geoguessr.com/game/MFg4nuWqfIn93cOa,World - Game - GeoGuessr,21/3/2023 16:32,3,,Link,00:00.1,Chrome,ajg,Default,47,0,C:\Users\ajg\AppData\Local\Google\Chrome\User Data\Default\History,88492
https://www.geoguessr.com/game/XJDnebYWwpdWZp3I,World - Game - GeoGuessr,21/3/2023 16:31,3,,Link,00:00.1,Chrome,ajg,Default,47,0,C:\Users\ajg\AppData\Local\Google\Chrome\User Data\Default\History,88489
https://www.geoguessr.com/game/YwcXl7sTNGlK20fm,GeoGuessr - Let's explore the world!,21/3/2023 16:29,4,,Link,00:00.1,Chrome,ajg,Default,47,0,C:\Users\ajg\AppData\Local\Google\Chrome\User Data\Default\History,88484
https://www.geoguessr.com/game/pMlZS8TNcGQydlty,World - Game - GeoGuessr,21/3/2023 16:28,3,,Link,00:00.1,Chrome,ajg,Default,47,0,C:\Users\ajg\AppData\Local\Google\Chrome\User Data\Default\History,88481
https://www.geoguessr.com/game/eQXIO8ItS3qlM3aA,World - Game - GeoGuessr,21/3/2023 16:26,3,,Link,00:00.1,Chrome,ajg,Default,47,0,C:\Users\ajg\AppData\Local\Google\Chrome\User Data\Default\History,88478
https://www.geoguessr.com/game/XvOAfLttS3VifxMe,GeoGuessr - Let's explore the world!,21/3/2023 16:25,4,,Link,00:00.1,Chrome,ajg,Default,47,0,C:\Users\ajg\AppData\Local\Google\Chrome\User Data\Default\History,88473
https://www.geoguessr.com/game/H0ACg9TNBshB0waZ,World - Game - GeoGuessr,21/3/2023 16:23,3,,Link,00:00.2,Chrome,ajg,Default,47,0,C:\Users\ajg\AppData\Local\Google\Chrome\User Data\Default\History,88470
https://www.geoguessr.com/game/ldhCt3e9zOfmg0gN,World - Game - GeoGuessr,21/3/2023 16:22,3,,Link,00:00.1,Chrome,ajg,Default,47,0,C:\Users\ajg\AppData\Local\Google\Chrome\User Data\Default\History,88467
https://www.geoguessr.com/game/6Jf2yfLb9DCDanfR,GeoGuessr - Let's explore the world!,21/3/2023 16:20,4,,Link,00:00.1,Chrome,ajg,Default,47,0,C:\Users\ajg\AppData\Local\Google\Chrome\User Data\Default\History,88462
https://www.geoguessr.com/game/FTXCkFEvLwrO4vSq,World - Game - GeoGuessr,21/3/2023 16:19,3,,Link,00:00.1,Chrome,ajg,Default,47,0,C:\Users\ajg\AppData\Local\Google\Chrome\User Data\Default\History,88459
https://www.geoguessr.com/game/Fpq44lRNyZJLs9jF,World - Game - GeoGuessr,21/3/2023 16:18,3,,Link,00:00.1,Chrome,ajg,Default,47,0,C:\Users\ajg\AppData\Local\Google\Chrome\User Data\Default\History,88456
https://www.geoguessr.com/game/mWmn7BufbsKVGoZ8,GeoGuessr - Let's explore the world!,21/3/2023 16:16,4,,Link,00:00.1,Chrome,ajg,Default,47,0,C:\Users\ajg\AppData\Local\Google\Chrome\User Data\Default\History,88451
https://www.geoguessr.com/game/lYdGqXU077Rbd9Tk,World - Game - GeoGuessr,21/3/2023 16:15,3,,Link,00:00.1,Chrome,ajg,Default,47,0,C:\Users\ajg\AppData\Local\Google\Chrome\User Data\Default\History,88448
https://www.geoguessr.com/game/F6FH3WtPj34RWFwo,World - Game - GeoGuessr,21/3/2023 16:14,3,,Link,00:00.1,Chrome,ajg,Default,47,0,C:\Users\ajg\AppData\Local\Google\Chrome\User Data\Default\History,88445
https://www.geoguessr.com/game/5hXJ9pT4kZLUUcde,GeoGuessr - Let's explore the world!,21/3/2023 16:12,4,,Link,00:00.1,Chrome,ajg,Default,47,0,C:\Users\ajg\AppData\Local\Google\Chrome\User Data\Default\History,88440
https://www.geoguessr.com/game/Yxc8C3cOnOKpoCcA,World - Game - GeoGuessr,21/3/2023 16:11,3,,Link,00:00.1,Chrome,ajg,Default,47,0,C:\Users\ajg\AppData\Local\Google\Chrome\User Data\Default\History,88437
https://www.geoguessr.com/game/HMfLDVCBee0LlyuA,World - Game - GeoGuessr,21/3/2023 16:09,3,,Link,00:00.1,Chrome,ajg,Default,47,0,C:\Users\ajg\AppData\Local\Google\Chrome\User Data\Default\History,88434
https://www.geoguessr.com/game/yGDzNpFhmVym7cNQ,GeoGuessr - Let's explore the world!,21/3/2023 16:08,4,,Link,00:00.2,Chrome,ajg,Default,47,0,C:\Users\ajg\AppData\Local\Google\Chrome\User Data\Default\History,88429
https://www.geoguessr.com/game/gWmFWUzOcouJn6wo,World - Game - GeoGuessr,21/3/2023 16:07,3,,Link,00:00.1,Chrome,ajg,Default,47,0,C:\Users\ajg\AppData\Local\Google\Chrome\User Data\Default\History,88426
https://www.geoguessr.com/game/WVZBRejL4zdIgZTw,World - Game - GeoGuessr,21/3/2023 16:05,3,,Link,00:00.1,Chrome,ajg,Default,47,0,C:\Users\ajg\AppData\Local\Google\Chrome\User Data\Default\History,88423
https://www.geoguessr.com/game/eVDgOYix32UmWmeg,GeoGuessr - Let's explore the world!,21/3/2023 16:03,4,,Link,00:00.1,Chrome,ajg,Default,47,0,C:\Users\ajg\AppData\Local\Google\Chrome\User Data\Default\History,88418
https://www.geoguessr.com/game/yuAMmCxnNqjyVW3B,World - Game - GeoGuessr,21/3/2023 16:02,3,,Link,00:00.1,Chrome,ajg,Default,47,0,C:\Users\ajg\AppData\Local\Google\Chrome\User Data\Default\History,88415
https://www.geoguessr.com/game/onIxhqvH5CmquI3d,World - Game - GeoGuessr,21/3/2023 16:01,3,,Link,00:00.1,Chrome,ajg,Default,47,0,C:\Users\ajg\AppData\Local\Google\Chrome\User Data\Default\History,88412
https://www.geoguessr.com/game/Nto4aG5cS6wz6RpW,GeoGuessr - Let's explore the world!,21/3/2023 15:59,4,,Link,00:00.1,Chrome,ajg,Default,47,0,C:\Users\ajg\AppData\Local\Google\Chrome\User Data\Default\History,88407
https://www.geoguessr.com/game/nnW5ydfUsWDsLabM,World - Game - GeoGuessr,21/3/2023 15:58,3,,Link,00:00.1,Chrome,ajg,Default,47,0,C:\Users\ajg\AppData\Local\Google\Chrome\User Data\Default\History,88404
https://www.geoguessr.com/game/yCS6kx2NX4Ix4dZm,World - Game - GeoGuessr,21/3/2023 15:57,3,,Link,00:00.1,Chrome,ajg,Default,47,0,C:\Users\ajg\AppData\Local\Google\Chrome\User Data\Default\History,88401
https://www.geoguessr.com/game/82Q5j13dT2lsBMrS,World - Game - GeoGuessr,21/3/2023 15:55,4,,Link,00:00.2,Chrome,ajg,Default,47,0,C:\Users\ajg\AppData\Local\Google\Chrome\User Data\Default\History,88396
https://www.geoguessr.com/game/6nlLDFyW8sel8JBL,World - Game - GeoGuessr,21/3/2023 15:54,3,,Link,00:00.1,Chrome,ajg,Default,47,0,C:\Users\ajg\AppData\Local\Google\Chrome\User Data\Default\History,88393
https://www.geoguessr.com/game/dQ3cxLmzpaOo6Opv,World - Game - GeoGuessr,21/3/2023 15:53,3,,Link,00:00.1,Chrome,ajg,Default,47,0,C:\Users\ajg\AppData\Local\Google\Chrome\User Data\Default\History,88390
https://www.geoguessr.com/game/1cGmaVexnHmsOLl0,World - Game - GeoGuessr,21/3/2023 15:51,4,,Link,00:00.1,Chrome,ajg,Default,47,0,C:\Users\ajg\AppData\Local\Google\Chrome\User Data\Default\History,88385
https://www.geoguessr.com/game/xIlkSslIX74aoQKb,World - Game - GeoGuessr,21/3/2023 15:50,3,,Link,00:00.1,Chrome,ajg,Default,47,0,C:\Users\ajg\AppData\Local\Google\Chrome\User Data\Default\History,88382
https://www.geoguessr.com/game/hJcqa3WIlFuGTCKV,World - Game - GeoGuessr,21/3/2023 15:49,3,,Link,00:00.1,Chrome,ajg,Default,47,0,C:\Users\ajg\AppData\Local\Google\Chrome\User Data\Default\History,88379
https://www.geoguessr.com/game/xeDdDAIhxOsuzJjV,World - Game - GeoGuessr,21/3/2023 15:47,4,,Link,00:00.1,Chrome,ajg,Default,47,0,C:\Users\ajg\AppData\Local\Google\Chrome\User Data\Default\History,88374
https://www.geoguessr.com/game/v6ec7wtc00m3cAC7,World - Game - GeoGuessr,21/3/2023 15:46,3,,Link,00:00.1,Chrome,ajg,Default,47,0,C:\Users\ajg\AppData\Local\Google\Chrome\User Data\Default\History,88371
https://www.geoguessr.com/game/y9kzeXCwvpTZH39b,World - Game - GeoGuessr,21/3/2023 15:45,3,,Link,00:00.2,Chrome,ajg,Default,47,0,C:\Users\ajg\AppData\Local\Google\Chrome\User Data\Default\History,88368
https://www.geoguessr.com/game/OJ0mn7vILjHnF1A1,World - Game - GeoGuessr,21/3/2023 15:43,4,,Link,00:00.1,Chrome,ajg,Default,47,0,C:\Users\ajg\AppData\Local\Google\Chrome\User Data\Default\History,88363
https://www.geoguessr.com/game/tqBxcVvs8SfpHaGQ,World - Game - GeoGuessr,21/3/2023 15:42,3,,Link,00:00.1,Chrome,ajg,Default,47,0,C:\Users\ajg\AppData\Local\Google\Chrome\User Data\Default\History,88360
https://www.geoguessr.com/game/nu5peCKdEwI4SSFY,World - Game - GeoGuessr,21/3/2023 15:41,3,,Link,00:00.2,Chrome,ajg,Default,47,0,C:\Users\ajg\AppData\Local\Google\Chrome\User Data\Default\History,88357
https://www.geoguessr.com/game/jSkdlIoMHYPaVRlk,World - Game - GeoGuessr,21/3/2023 15:36,3,,Link,00:00.1,Chrome,ajg,Default,47,0,C:\Users\ajg\AppData\Local\Google\Chrome\User Data\Default\History,88353
https://www.geoguessr.com/game/hED5B2LbTmWK73HH,World - Game - GeoGuessr,21/3/2023 15:35,3,,Link,00:00.1,Chrome,ajg,Default,47,0,C:\Users\ajg\AppData\Local\Google\Chrome\User Data\Default\History,88350
https://www.geoguessr.com/game/hd17KYzCFwEHFdIh,GeoGuessr - Let's explore the world!,21/3/2023 15:34,4,,Link,00:00.2,Chrome,ajg,Default,47,0,C:\Users\ajg\AppData\Local\Google\Chrome\User Data\Default\History,88345
https://www.geoguessr.com/game/bIakkvvt695LG5RH,World - Game - GeoGuessr,21/3/2023 15:32,3,,Link,00:00.1,Chrome,ajg,Default,47,0,C:\Users\ajg\AppData\Local\Google\Chrome\User Data\Default\History,88342
https://www.geoguessr.com/game/JQV9kPck7ZOgaZGa,World - Game - GeoGuessr,21/3/2023 15:31,3,,Link,00:00.1,Chrome,ajg,Default,47,0,C:\Users\ajg\AppData\Local\Google\Chrome\User Data\Default\History,88339
https://www.geoguessr.com/game/n3FDATYyRF4tXwSD,GeoGuessr - Let's explore the world!,21/3/2023 15:29,4,,Link,00:00.2,Chrome,ajg,Default,47,0,C:\Users\ajg\AppData\Local\Google\Chrome\User Data\Default\History,88334
https://www.geoguessr.com/game/OcAIijupUDdOqnLP,World - Game - GeoGuessr,21/3/2023 15:28,3,,Link,00:00.1,Chrome,ajg,Default,47,0,C:\Users\ajg\AppData\Local\Google\Chrome\User Data\Default\History,88331
https://www.geoguessr.com/game/kAhrdYwQeVx8O52G,World - Game - GeoGuessr,21/3/2023 15:27,3,,Link,00:00.1,Chrome,ajg,Default,47,0,C:\Users\ajg\AppData\Local\Google\Chrome\User Data\Default\History,88328
https://www.geoguessr.com/game/Ia5h6uTgkWOvitKv,GeoGuessr - Let's explore the world!,21/3/2023 15:25,4,,Link,00:00.1,Chrome,ajg,Default,47,0,C:\Users\ajg\AppData\Local\Google\Chrome\User Data\Default\History,88323
https://www.geoguessr.com/game/nRasuGFNQz4tv1Si,World - Game - GeoGuessr,21/3/2023 15:24,3,,Link,00:00.1,Chrome,ajg,Default,47,0,C:\Users\ajg\AppData\Local\Google\Chrome\User Data\Default\History,88320
https://www.geoguessr.com/game/4mnzsGVzCgwdazjB,World - Game - GeoGuessr,21/3/2023 15:22,3,,Link,00:00.1,Chrome,ajg,Default,47,0,C:\Users\ajg\AppData\Local\Google\Chrome\User Data\Default\History,88317
https://www.geoguessr.com/game/mWoCeEH5u6ZQqALP,GeoGuessr - Let's explore the world!,21/3/2023 15:21,4,,Link,00:00.1,Chrome,ajg,Default,47,0,C:\Users\ajg\AppData\Local\Google\Chrome\User Data\Default\History,88312
https://www.geoguessr.com/game/zeAVEORbnynmpnqq,World - Game - GeoGuessr,21/3/2023 15:19,3,,Link,00:00.1,Chrome,ajg,Default,47,0,C:\Users\ajg\AppData\Local\Google\Chrome\User Data\Default\History,88309
https://www.geoguessr.com/game/ip2BMKiQZK9VEXUZ,World - Game - GeoGuessr,21/3/2023 15:18,3,,Link,00:00.1,Chrome,ajg,Default,47,0,C:\Users\ajg\AppData\Local\Google\Chrome\User Data\Default\History,88306
https://www.geoguessr.com/game/MBtz432fk9jgSJGa,GeoGuessr - Let's explore the world!,21/3/2023 15:16,4,,Link,00:00.1,Chrome,ajg,Default,47,0,C:\Users\ajg\AppData\Local\Google\Chrome\User Data\Default\History,88301
https://www.geoguessr.com/game/SDKXuF4MtnskB0TZ,World - Game - GeoGuessr,21/3/2023 15:15,3,,Link,00:00.1,Chrome,ajg,Default,47,0,C:\Users\ajg\AppData\Local\Google\Chrome\User Data\Default\History,88298
https://www.geoguessr.com/game/M5yh2Lx5fCSjECqF,World - Game - GeoGuessr,21/3/2023 15:14,3,,Link,00:00.1,Chrome,ajg,Default,47,0,C:\Users\ajg\AppData\Local\Google\Chrome\User Data\Default\History,88295
https://www.geoguessr.com/game/DNzGdzZPg9uacxRj,GeoGuessr - Let's explore the world!,21/3/2023 15:12,4,,Link,00:00.1,Chrome,ajg,Default,47,0,C:\Users\ajg\AppData\Local\Google\Chrome\User Data\Default\History,88290
https://www.geoguessr.com/game/1ug0yzaLwh59T7tS,World - Game - GeoGuessr,21/3/2023 15:11,3,,Link,00:00.1,Chrome,ajg,Default,47,0,C:\Users\ajg\AppData\Local\Google\Chrome\User Data\Default\History,88287
https://www.geoguessr.com/game/Q3jmS0HmGHoGNFhQ,World - Game - GeoGuessr,21/3/2023 15:10,3,,Link,00:00.1,Chrome,ajg,Default,47,0,C:\Users\ajg\AppData\Local\Google\Chrome\User Data\Default\History,88284
https://www.geoguessr.com/game/6JBIFnlw6MLm08NO,GeoGuessr - Let's explore the world!,21/3/2023 15:08,4,,Link,00:00.1,Chrome,ajg,Default,47,0,C:\Users\ajg\AppData\Local\Google\Chrome\User Data\Default\History,88279
https://www.geoguessr.com/game/sLX6rFRs0h7G9895,World - Game - GeoGuessr,21/3/2023 15:07,3,,Link,00:00.1,Chrome,ajg,Default,47,0,C:\Users\ajg\AppData\Local\Google\Chrome\User Data\Default\History,88276
https://www.geoguessr.com/game/Z1KHBtLPTyeHLIoa,World - Game - GeoGuessr,21/3/2023 15:05,3,,Link,00:00.1,Chrome,ajg,Default,47,0,C:\Users\ajg\AppData\Local\Google\Chrome\User Data\Default\History,88273
https://www.geoguessr.com/game/z5QYS527oU7y3BqY,GeoGuessr - Let's explore the world!,21/3/2023 15:04,4,,Link,00:00.1,Chrome,ajg,Default,47,0,C:\Users\ajg\AppData\Local\Google\Chrome\User Data\Default\History,88268
https://www.geoguessr.com/game/bGE8TegZeK1Jip90,World - Game - GeoGuessr,21/3/2023 15:02,3,,Link,00:00.1,Chrome,ajg,Default,47,0,C:\Users\ajg\AppData\Local\Google\Chrome\User Data\Default\History,88265
https://www.geoguessr.com/game/0HFNuyWaLBaHt10e,World - Game - GeoGuessr,21/3/2023 15:01,3,,Link,00:00.1,Chrome,ajg,Default,47,0,C:\Users\ajg\AppData\Local\Google\Chrome\User Data\Default\History,88262
https://www.geoguessr.com/game/UOvONGS7qH7fpknS,GeoGuessr - Let's explore the world!,21/3/2023 14:59,4,,Link,00:00.1,Chrome,ajg,Default,47,0,C:\Users\ajg\AppData\Local\Google\Chrome\User Data\Default\History,88257
https://www.geoguessr.com/game/C3cE9i82Kux25hSA,World - Game - GeoGuessr,21/3/2023 14:58,3,,Link,00:00.1,Chrome,ajg,Default,47,0,C:\Users\ajg\AppData\Local\Google\Chrome\User Data\Default\History,88254
https://www.geoguessr.com/game/i0iqzLi8s7FEyHQd,World - Game - GeoGuessr,21/3/2023 14:57,3,,Link,00:00.1,Chrome,ajg,Default,47,0,C:\Users\ajg\AppData\Local\Google\Chrome\User Data\Default\History,88251
https://www.geoguessr.com/game/xH9MNG4SKM8DnQZ1,GeoGuessr - Let's explore the world!,21/3/2023 14:55,4,,Link,00:00.1,Chrome,ajg,Default,47,0,C:\Users\ajg\AppData\Local\Google\Chrome\User Data\Default\History,88246
https://www.geoguessr.com/game/I00Xr6G4G8MktuTG,World - Game - GeoGuessr,21/3/2023 14:54,3,,Link,00:00.2,Chrome,ajg,Default,47,0,C:\Users\ajg\AppData\Local\Google\Chrome\User Data\Default\History,88243
https://www.geoguessr.com/game/eoogpUDDbRrxTQ9t,World - Game - GeoGuessr,21/3/2023 14:53,3,,Link,00:00.1,Chrome,ajg,Default,47,0,C:\Users\ajg\AppData\Local\Google\Chrome\User Data\Default\History,88240
https://www.geoguessr.com/game/NsP9P3qWaniB0pJd,GeoGuessr - Let's explore the world!,21/3/2023 14:51,4,,Link,00:00.1,Chrome,ajg,Default,47,0,C:\Users\ajg\AppData\Local\Google\Chrome\User Data\Default\History,88235
https://www.geoguessr.com/game/XIOuHBv1RnZ2RvtB,World - Game - GeoGuessr,21/3/2023 14:50,3,,Link,00:00.1,Chrome,ajg,Default,47,0,C:\Users\ajg\AppData\Local\Google\Chrome\User Data\Default\History,88232
https://www.geoguessr.com/game/BK439ecwpSr8P1kR,World - Game - GeoGuessr,21/3/2023 14:48,3,,Link,00:00.1,Chrome,ajg,Default,47,0,C:\Users\ajg\AppData\Local\Google\Chrome\User Data\Default\History,88229
https://www.geoguessr.com/game/TCMeIifGU1aLZ20M,GeoGuessr - Let's explore the world!,21/3/2023 14:47,4,,Link,00:00.1,Chrome,ajg,Default,47,0,C:\Users\ajg\AppData\Local\Google\Chrome\User Data\Default\History,88224
https://www.geoguessr.com/game/GtE13AE7ia7N72a2,World - Game - GeoGuessr,21/3/2023 14:45,3,,Link,00:00.2,Chrome,ajg,Default,47,0,C:\Users\ajg\AppData\Local\Google\Chrome\User Data\Default\History,88221
https://www.geoguessr.com/game/pTMfv1lsAZfM0FKh,World - Game - GeoGuessr,21/3/2023 14:44,3,,Link,00:00.1,Chrome,ajg,Default,47,0,C:\Users\ajg\AppData\Local\Google\Chrome\User Data\Default\History,88218
https://www.geoguessr.com/game/gTIxBbPMcU8nioi0,GeoGuessr - Let's explore the world!,21/3/2023 14:42,4,,Link,00:00.2,Chrome,ajg,Default,47,0,C:\Users\ajg\AppData\Local\Google\Chrome\User Data\Default\History,88213
https://www.geoguessr.com/game/CEIFvUoXTb5mhaWJ,World - Game - GeoGuessr,21/3/2023 14:41,3,,Link,00:00.1,Chrome,ajg,Default,47,0,C:\Users\ajg\AppData\Local\Google\Chrome\User Data\Default\History,88210
https://www.geoguessr.com/game/v1z6KBrFh1EsALDH,World - Game - GeoGuessr,21/3/2023 14:40,3,,Link,00:00.1,Chrome,ajg,Default,47,0,C:\Users\ajg\AppData\Local\Google\Chrome\User Data\Default\History,88207
https://www.geoguessr.com/game/FPCN7FfpY4rtRceP,GeoGuessr - Let's explore the world!,21/3/2023 14:38,4,,Link,00:00.1,Chrome,ajg,Default,47,0,C:\Users\ajg\AppData\Local\Google\Chrome\User Data\Default\History,88202
https://www.geoguessr.com/game/1dCxItqKnpVTqnin,World - Game - GeoGuessr,21/3/2023 14:37,3,,Link,00:00.1,Chrome,ajg,Default,47,0,C:\Users\ajg\AppData\Local\Google\Chrome\User Data\Default\History,88199
https://www.geoguessr.com/game/K2Yi192TWiExGN3s,World - Game - GeoGuessr,21/3/2023 14:36,3,,Link,00:00.1,Chrome,ajg,Default,47,0,C:\Users\ajg\AppData\Local\Google\Chrome\User Data\Default\History,88196
https://www.geoguessr.com/game/eoZEB5LbnnJUqDeo,GeoGuessr - Let's explore the world!,21/3/2023 14:34,4,,Link,00:00.2,Chrome,ajg,Default,47,0,C:\Users\ajg\AppData\Local\Google\Chrome\User Data\Default\History,88191
https://www.geoguessr.com/game/v8wtwRalG0Z3Wwew,World - Game - GeoGuessr,21/3/2023 14:33,3,,Link,00:00.1,Chrome,ajg,Default,47,0,C:\Users\ajg\AppData\Local\Google\Chrome\User Data\Default\History,88188
https://www.geoguessr.com/game/3tv6Wf794jTUcTq3,World - Game - GeoGuessr,21/3/2023 14:31,3,,Link,00:00.1,Chrome,ajg,Default,47,0,C:\Users\ajg\AppData\Local\Google\Chrome\User Data\Default\History,88185
https://www.geoguessr.com/game/No7FnyVvxvzkWqUF,GeoGuessr - Let's explore the world!,21/3/2023 14:30,4,,Link,00:00.1,Chrome,ajg,Default,47,0,C:\Users\ajg\AppData\Local\Google\Chrome\User Data\Default\History,88180
https://www.geoguessr.com/game/Zjx8muWOflwB6zLI,World - Game - GeoGuessr,21/3/2023 14:28,3,,Link,00:00.1,Chrome,ajg,Default,47,0,C:\Users\ajg\AppData\Local\Google\Chrome\User Data\Default\History,88177
https://www.geoguessr.com/game/uCLmhFz39ai9d0GZ,World - Game - GeoGuessr,21/3/2023 14:27,3,,Link,00:00.1,Chrome,ajg,Default,47,0,C:\Users\ajg\AppData\Local\Google\Chrome\User Data\Default\History,88174
https://www.geoguessr.com/game/vEumUpWbr0vnQpQG,GeoGuessr - Let's explore the world!,21/3/2023 14:25,4,,Link,00:00.1,Chrome,ajg,Default,47,0,C:\Users\ajg\AppData\Local\Google\Chrome\User Data\Default\History,88169
https://www.geoguessr.com/game/9xGCioKgs6V2EQHe,World - Game - GeoGuessr,21/3/2023 14:24,3,,Link,00:00.1,Chrome,ajg,Default,47,0,C:\Users\ajg\AppData\Local\Google\Chrome\User Data\Default\History,88166
https://www.geoguessr.com/game/O8THOEM6u2U189RI,World - Game - GeoGuessr,21/3/2023 14:23,3,,Link,00:00.1,Chrome,ajg,Default,47,0,C:\Users\ajg\AppData\Local\Google\Chrome\User Data\Default\History,88163
https://www.geoguessr.com/game/1upMFaPWOmCVw4vu,GeoGuessr - Let's explore the world!,21/3/2023 14:21,4,,Link,00:00.1,Chrome,ajg,Default,47,0,C:\Users\ajg\AppData\Local\Google\Chrome\User Data\Default\History,88158
https://www.geoguessr.com/game/q2Hmel5IpXrYr4Bf,World - Game - GeoGuessr,21/3/2023 14:20,3,,Link,00:00.1,Chrome,ajg,Default,47,0,C:\Users\ajg\AppData\Local\Google\Chrome\User Data\Default\History,88155
https://www.geoguessr.com/game/1m79iVgxnldSXkuv,World - Game - GeoGuessr,21/3/2023 14:18,3,,Link,00:00.1,Chrome,ajg,Default,47,0,C:\Users\ajg\AppData\Local\Google\Chrome\User Data\Default\History,88152
https://www.geoguessr.com/game/maC9m10xNQpMCfR7,GeoGuessr - Let's explore the world!,21/3/2023 14:17,4,,Link,00:00.1,Chrome,ajg,Default,47,0,C:\Users\ajg\AppData\Local\Google\Chrome\User Data\Default\History,88147
https://www.geoguessr.com/game/AtSddZ1tLL8UrmWZ,World - Game - GeoGuessr,21/3/2023 14:16,3,,Link,00:00.1,Chrome,ajg,Default,47,0,C:\Users\ajg\AppData\Local\Google\Chrome\User Data\Default\History,88144
https://www.geoguessr.com/game/76acBxuHcFPkh5Hb,World - Game - GeoGuessr,21/3/2023 14:14,3,,Link,00:00.1,Chrome,ajg,Default,47,0,C:\Users\ajg\AppData\Local\Google\Chrome\User Data\Default\History,88141
https://www.geoguessr.com/game/BGylQpkuzel5T40b,GeoGuessr - Let's explore the world!,21/3/2023 14:13,4,,Link,00:00.1,Chrome,ajg,Default,47,0,C:\Users\ajg\AppData\Local\Google\Chrome\User Data\Default\History,88136
https://www.geoguessr.com/game/STtImXFMHUxJ7SIf,World - Game - GeoGuessr,21/3/2023 14:11,3,,Link,00:00.1,Chrome,ajg,Default,47,0,C:\Users\ajg\AppData\Local\Google\Chrome\User Data\Default\History,88133
https://www.geoguessr.com/game/8B39OfVtS26cAjZC,World - Game - GeoGuessr,21/3/2023 14:10,3,,Link,00:00.1,Chrome,ajg,Default,47,0,C:\Users\ajg\AppData\Local\Google\Chrome\User Data\Default\History,88130
https://www.geoguessr.com/game/Bo4DJgt4wl8mome4,GeoGuessr - Let's explore the world!,21/3/2023 14:08,4,,Link,00:00.1,Chrome,ajg,Default,47,0,C:\Users\ajg\AppData\Local\Google\Chrome\User Data\Default\History,88125
https://www.geoguessr.com/game/4iuYem3xe9r90g0P,World - Game - GeoGuessr,21/3/2023 14:07,3,,Link,00:00.1,Chrome,ajg,Default,47,0,C:\Users\ajg\AppData\Local\Google\Chrome\User Data\Default\History,88122
https://www.geoguessr.com/game/rJOFfBkVgYmZzyhs,World - Game - GeoGuessr,21/3/2023 14:06,3,,Link,00:00.2,Chrome,ajg,Default,47,0,C:\Users\ajg\AppData\Local\Google\Chrome\User Data\Default\History,88119
https://www.geoguessr.com/game/srhSgYv2mkGm9VDO,GeoGuessr - Let's explore the world!,21/3/2023 14:04,4,,Link,00:00.1,Chrome,ajg,Default,47,0,C:\Users\ajg\AppData\Local\Google\Chrome\User Data\Default\History,88114
https://www.geoguessr.com/game/org98mP4YX08hjfN,World - Game - GeoGuessr,21/3/2023 14:03,3,,Link,00:00.1,Chrome,ajg,Default,47,0,C:\Users\ajg\AppData\Local\Google\Chrome\User Data\Default\History,88111
https://www.geoguessr.com/game/4cdCjUEOmzdvbXbm,World - Game - GeoGuessr,21/3/2023 14:01,3,,Link,00:00.1,Chrome,ajg,Default,47,0,C:\Users\ajg\AppData\Local\Google\Chrome\User Data\Default\History,88108
https://www.geoguessr.com/game/K9oJks5PRwsZKgW7,GeoGuessr - Let's explore the world!,21/3/2023 14:00,4,,Link,00:00.1,Chrome,ajg,Default,47,0,C:\Users\ajg\AppData\Local\Google\Chrome\User Data\Default\History,88103
https://www.geoguessr.com/game/Cv1S0MLdWy4gCe64,World - Game - GeoGuessr,21/3/2023 13:59,3,,Link,00:00.1,Chrome,ajg,Default,47,0,C:\Users\ajg\AppData\Local\Google\Chrome\User Data\Default\History,88100
https://www.geoguessr.com/game/MRwgOyb1GNgiIkET,World - Game - GeoGuessr,21/3/2023 13:57,3,,Link,00:00.1,Chrome,ajg,Default,47,0,C:\Users\ajg\AppData\Local\Google\Chrome\User Data\Default\History,88097
https://www.geoguessr.com/game/p55XZ8rTp3lPjECc,GeoGuessr - Let's explore the world!,21/3/2023 13:56,4,,Link,00:00.1,Chrome,ajg,Default,47,0,C:\Users\ajg\AppData\Local\Google\Chrome\User Data\Default\History,88092
https://www.geoguessr.com/game/N66h6Sokmmw1c8Oc,World - Game - GeoGuessr,21/3/2023 13:54,3,,Link,00:00.2,Chrome,ajg,Default,47,0,C:\Users\ajg\AppData\Local\Google\Chrome\User Data\Default\History,88089
https://www.geoguessr.com/game/QAgMGEJB09DH25jN,World - Game - GeoGuessr,21/3/2023 13:53,3,,Link,00:00.1,Chrome,ajg,Default,47,0,C:\Users\ajg\AppData\Local\Google\Chrome\User Data\Default\History,88086
https://www.geoguessr.com/game/wDlJsdBFPZXaAISk,GeoGuessr - Let's explore the world!,21/3/2023 13:51,4,,Link,00:00.2,Chrome,ajg,Default,47,0,C:\Users\ajg\AppData\Local\Google\Chrome\User Data\Default\History,88081
https://www.geoguessr.com/game/NsjXwTbYd11rCzGj,World - Game - GeoGuessr,21/3/2023 13:50,3,,Link,00:00.1,Chrome,ajg,Default,47,0,C:\Users\ajg\AppData\Local\Google\Chrome\User Data\Default\History,88078
https://www.geoguessr.com/game/vBbxOvgmzYQfT0X1,World - Game - GeoGuessr,21/3/2023 13:49,3,,Link,00:00.1,Chrome,ajg,Default,47,0,C:\Users\ajg\AppData\Local\Google\Chrome\User Data\Default\History,88075
https://www.geoguessr.com/game/z9jGtFZwRzRM0ETo,GeoGuessr - Let's explore the world!,21/3/2023 13:47,4,,Link,00:00.1,Chrome,ajg,Default,47,0,C:\Users\ajg\AppData\Local\Google\Chrome\User Data\Default\History,88070
https://www.geoguessr.com/game/1S2vyd29U8BwaapN,World - Game - GeoGuessr,21/3/2023 13:46,3,,Link,00:00.1,Chrome,ajg,Default,47,0,C:\Users\ajg\AppData\Local\Google\Chrome\User Data\Default\History,88067
https://www.geoguessr.com/game/7Bl4my6XHhfmltLI,World - Game - GeoGuessr,21/3/2023 13:44,3,,Link,00:00.1,Chrome,ajg,Default,47,0,C:\Users\ajg\AppData\Local\Google\Chrome\User Data\Default\History,88064
https://www.geoguessr.com/game/ZlOO4a0A8aPdvNbD,GeoGuessr - Let's explore the world!,21/3/2023 13:43,4,,Link,00:00.1,Chrome,ajg,Default,47,0,C:\Users\ajg\AppData\Local\Google\Chrome\User Data\Default\History,88059
https://www.geoguessr.com/game/je2maZAzZFgDbEqj,World - Game - GeoGuessr,21/3/2023 13:41,3,,Link,00:00.1,Chrome,ajg,Default,47,0,C:\Users\ajg\AppData\Local\Google\Chrome\User Data\Default\History,88056
https://www.geoguessr.com/game/ufuuMxo8pA9LEjh0,World - Game - GeoGuessr,21/3/2023 13:40,3,,Link,00:00.1,Chrome,ajg,Default,47,0,C:\Users\ajg\AppData\Local\Google\Chrome\User Data\Default\History,88053
https://www.geoguessr.com/game/do4BVE9glrd7eMUM,GeoGuessr - Let's explore the world!,21/3/2023 13:39,4,,Link,00:00.1,Chrome,ajg,Default,47,0,C:\Users\ajg\AppData\Local\Google\Chrome\User Data\Default\History,88048
https://www.geoguessr.com/game/ivyFWcHQjnyPq97L,World - Game - GeoGuessr,21/3/2023 13:37,3,,Link,00:00.1,Chrome,ajg,Default,47,0,C:\Users\ajg\AppData\Local\Google\Chrome\User Data\Default\History,88045
https://www.geoguessr.com/game/jVdDFDTAxDfBgpot,World - Game - GeoGuessr,21/3/2023 13:36,3,,Link,00:00.1,Chrome,ajg,Default,47,0,C:\Users\ajg\AppData\Local\Google\Chrome\User Data\Default\History,88042
https://www.geoguessr.com/game/iIb0FqxkC7qJBQKe,GeoGuessr - Let's explore the world!,21/3/2023 13:34,4,,Link,00:00.1,Chrome,ajg,Default,47,0,C:\Users\ajg\AppData\Local\Google\Chrome\User Data\Default\History,88036
https://www.geoguessr.com/game/9c257Ll3cXUSjzVP,World - Game - GeoGuessr,21/3/2023 13:33,3,,Link,00:00.1,Chrome,ajg,Default,47,0,C:\Users\ajg\AppData\Local\Google\Chrome\User Data\Default\History,88033
https://www.geoguessr.com/game/x1zlSSM3qDVvZ6kJ,World - Game - GeoGuessr,21/3/2023 13:32,3,,Link,00:00.2,Chrome,ajg,Default,47,0,C:\Users\ajg\AppData\Local\Google\Chrome\User Data\Default\History,88030
https://www.geoguessr.com/game/cYDqJDtNQaaQfvJO,GeoGuessr - Let's explore the world!,21/3/2023 13:30,4,,Link,00:00.1,Chrome,ajg,Default,47,0,C:\Users\ajg\AppData\Local\Google\Chrome\User Data\Default\History,88025
https://www.geoguessr.com/game/pQEVpSiYu6ce9AoT,World - Game - GeoGuessr,21/3/2023 13:29,3,,Link,00:00.1,Chrome,ajg,Default,47,0,C:\Users\ajg\AppData\Local\Google\Chrome\User Data\Default\History,88022
https://www.geoguessr.com/game/yBMN0XeKXIfg72fl,World - Game - GeoGuessr,21/3/2023 13:27,3,,Link,00:00.1,Chrome,ajg,Default,47,0,C:\Users\ajg\AppData\Local\Google\Chrome\User Data\Default\History,88019
https://www.geoguessr.com/game/4NHRoMDCebaXSoWa,GeoGuessr - Let's explore the world!,21/3/2023 13:26,4,,Link,00:00.1,Chrome,ajg,Default,47,0,C:\Users\ajg\AppData\Local\Google\Chrome\User Data\Default\History,88014
https://www.geoguessr.com/game/7koLJmpdqzDuccBA,World - Game - GeoGuessr,21/3/2023 13:24,3,,Link,00:00.1,Chrome,ajg,Default,47,0,C:\Users\ajg\AppData\Local\Google\Chrome\User Data\Default\History,88011
https://www.geoguessr.com/game/gTHtHnhobRiutYHv,World - Game - GeoGuessr,21/3/2023 13:23,3,,Link,00:00.1,Chrome,ajg,Default,47,0,C:\Users\ajg\AppData\Local\Google\Chrome\User Data\Default\History,88008
https://www.geoguessr.com/game/IFPFqlAVE86VgZ0i,GeoGuessr - Let's explore the world!,21/3/2023 13:22,4,,Link,00:00.1,Chrome,ajg,Default,47,0,C:\Users\ajg\AppData\Local\Google\Chrome\User Data\Default\History,88003
https://www.geoguessr.com/game/VtyCmjmvhdu9tNzp,World - Game - GeoGuessr,21/3/2023 13:20,3,,Link,00:00.2,Chrome,ajg,Default,47,0,C:\Users\ajg\AppData\Local\Google\Chrome\User Data\Default\History,88000
https://www.geoguessr.com/game/UV5w5paaswmw6Dbg,World - Game - GeoGuessr,21/3/2023 13:19,3,,Link,00:00.1,Chrome,ajg,Default,47,0,C:\Users\ajg\AppData\Local\Google\Chrome\User Data\Default\History,87997
https://www.geoguessr.com/game/mqI4lCvYOTuiIDEU,GeoGuessr - Let's explore the world!,21/3/2023 13:17,4,,Link,00:00.1,Chrome,ajg,Default,47,0,C:\Users\ajg\AppData\Local\Google\Chrome\User Data\Default\History,87992
https://www.geoguessr.com/game/QhbPeyevLIfRNpEo,World - Game - GeoGuessr,21/3/2023 13:16,3,,Link,00:00.1,Chrome,ajg,Default,47,0,C:\Users\ajg\AppData\Local\Google\Chrome\User Data\Default\History,87989
https://www.geoguessr.com/game/aKLgi90YvWWv42bN,World - Game - GeoGuessr,21/3/2023 13:15,3,,Link,00:00.1,Chrome,ajg,Default,47,0,C:\Users\ajg\AppData\Local\Google\Chrome\User Data\Default\History,87986
https://www.geoguessr.com/game/kdxTHDZ25BkAvnFR,GeoGuessr - Let's explore the world!,21/3/2023 13:13,4,,Link,00:00.1,Chrome,ajg,Default,47,0,C:\Users\ajg\AppData\Local\Google\Chrome\User Data\Default\History,87981
https://www.geoguessr.com/game/KGOkDB8RlGm7BXgv,World - Game - GeoGuessr,21/3/2023 13:12,3,,Link,00:00.1,Chrome,ajg,Default,47,0,C:\Users\ajg\AppData\Local\Google\Chrome\User Data\Default\History,87978
https://www.geoguessr.com/game/RL09SW9dhnQIhWDB,World - Game - GeoGuessr,21/3/2023 13:10,3,,Link,00:00.1,Chrome,ajg,Default,47,0,C:\Users\ajg\AppData\Local\Google\Chrome\User Data\Default\History,87975
https://www.geoguessr.com/game/FQtAm2EN9UMfThTi,GeoGuessr - Let's explore the world!,21/3/2023 13:09,4,,Link,00:00.1,Chrome,ajg,Default,47,0,C:\Users\ajg\AppData\Local\Google\Chrome\User Data\Default\History,87970
https://www.geoguessr.com/game/Cq8vDl6aMpM2YCJc,World - Game - GeoGuessr,21/3/2023 13:07,3,,Link,00:00.1,Chrome,ajg,Default,47,0,C:\Users\ajg\AppData\Local\Google\Chrome\User Data\Default\History,87967
https://www.geoguessr.com/game/iqJ0vVA06GtR53OV,World - Game - GeoGuessr,21/3/2023 13:06,3,,Link,00:00.2,Chrome,ajg,Default,47,0,C:\Users\ajg\AppData\Local\Google\Chrome\User Data\Default\History,87964
https://www.geoguessr.com/game/W59VmTJlVEmQ5AeI,GeoGuessr - Let's explore the world!,21/3/2023 13:04,4,,Link,00:00.1,Chrome,ajg,Default,47,0,C:\Users\ajg\AppData\Local\Google\Chrome\User Data\Default\History,87959
https://www.geoguessr.com/game/POjZvVrhryfxgVSO,World - Game - GeoGuessr,21/3/2023 13:03,3,,Link,00:00.1,Chrome,ajg,Default,47,0,C:\Users\ajg\AppData\Local\Google\Chrome\User Data\Default\History,87956
https://www.geoguessr.com/game/7IWbXObQT5rFfktJ,World - Game - GeoGuessr,21/3/2023 13:02,3,,Link,00:00.2,Chrome,ajg,Default,47,0,C:\Users\ajg\AppData\Local\Google\Chrome\User Data\Default\History,87953
https://www.geoguessr.com/game/uDxq6HQ9yAqSuSgk,GeoGuessr - Let's explore the world!,21/3/2023 13:00,4,,Link,00:00.1,Chrome,ajg,Default,47,0,C:\Users\ajg\AppData\Local\Google\Chrome\User Data\Default\History,87948
https://www.geoguessr.com/game/3oCZiuEcqVcd7Z0C,World - Game - GeoGuessr,21/3/2023 12:59,3,,Link,00:00.1,Chrome,ajg,Default,47,0,C:\Users\ajg\AppData\Local\Google\Chrome\User Data\Default\History,87945
https://www.geoguessr.com/game/6OIao94dE7fcV2yd,World - Game - GeoGuessr,21/3/2023 12:58,3,,Link,00:00.2,Chrome,ajg,Default,47,0,C:\Users\ajg\AppData\Local\Google\Chrome\User Data\Default\History,87942
https://www.geoguessr.com/game/yTcFdwJrM5vgm6zE,GeoGuessr - Let's explore the world!,21/3/2023 12:56,4,,Link,00:00.1,Chrome,ajg,Default,47,0,C:\Users\ajg\AppData\Local\Google\Chrome\User Data\Default\History,87937
https://www.geoguessr.com/game/Mio3l1poXfMR5TZ5,World - Game - GeoGuessr,21/3/2023 12:55,3,,Link,00:00.1,Chrome,ajg,Default,47,0,C:\Users\ajg\AppData\Local\Google\Chrome\User Data\Default\History,87934
https://www.geoguessr.com/game/9v5358HmQptosX2o,World - Game - GeoGuessr,21/3/2023 12:53,3,,Link,00:00.1,Chrome,ajg,Default,47,0,C:\Users\ajg\AppData\Local\Google\Chrome\User Data\Default\History,87931
https://www.geoguessr.com/game/YTfSBap5bmGPo18S,GeoGuessr - Let's explore the world!,21/3/2023 12:52,4,,Link,00:00.1,Chrome,ajg,Default,47,0,C:\Users\ajg\AppData\Local\Google\Chrome\User Data\Default\History,87926
https://www.geoguessr.com/game/XRhZjXdJPvRTXLNX,World - Game - GeoGuessr,21/3/2023 12:50,3,,Link,00:00.1,Chrome,ajg,Default,47,0,C:\Users\ajg\AppData\Local\Google\Chrome\User Data\Default\History,87923
https://www.geoguessr.com/game/W87tYNUbbG57lfdF,World - Game - GeoGuessr,21/3/2023 12:49,3,,Link,00:00.1,Chrome,ajg,Default,47,0,C:\Users\ajg\AppData\Local\Google\Chrome\User Data\Default\History,87920
https://www.geoguessr.com/game/sqzKi2SDpLWBZp1c,GeoGuessr - Let's explore the world!,21/3/2023 12:47,4,,Link,00:00.1,Chrome,ajg,Default,47,0,C:\Users\ajg\AppData\Local\Google\Chrome\User Data\Default\History,87915
https://www.geoguessr.com/game/z782iAU7IFMunTzO,World - Game - GeoGuessr,21/3/2023 12:46,3,,Link,00:00.1,Chrome,ajg,Default,47,0,C:\Users\ajg\AppData\Local\Google\Chrome\User Data\Default\History,87912
https://www.geoguessr.com/game/QZET8FdZva8za6tW,World - Game - GeoGuessr,21/3/2023 12:45,3,,Link,00:00.1,Chrome,ajg,Default,47,0,C:\Users\ajg\AppData\Local\Google\Chrome\User Data\Default\History,87909
https://www.geoguessr.com/game/1Yr0TKAeq7bCcdUr,GeoGuessr - Let's explore the world!,21/3/2023 12:43,4,,Link,00:00.1,Chrome,ajg,Default,47,0,C:\Users\ajg\AppData\Local\Google\Chrome\User Data\Default\History,87904
https://www.geoguessr.com/game/ZaY3WmDxxYh6oCJi,World - Game - GeoGuessr,21/3/2023 12:42,3,,Link,00:00.1,Chrome,ajg,Default,47,0,C:\Users\ajg\AppData\Local\Google\Chrome\User Data\Default\History,87901
https://www.geoguessr.com/game/9cOzSADGlKM3WVYj,World - Game - GeoGuessr,21/3/2023 12:41,3,,Link,00:00.1,Chrome,ajg,Default,47,0,C:\Users\ajg\AppData\Local\Google\Chrome\User Data\Default\History,87898
https://www.geoguessr.com/game/s1AWp9LRqhVHTGn3,GeoGuessr - Let's explore the world!,21/3/2023 12:39,4,,Link,00:00.1,Chrome,ajg,Default,47,0,C:\Users\ajg\AppData\Local\Google\Chrome\User Data\Default\History,87893
https://www.geoguessr.com/game/qfweRDfP5u174MTT,World - Game - GeoGuessr,21/3/2023 12:38,3,,Link,00:00.1,Chrome,ajg,Default,47,0,C:\Users\ajg\AppData\Local\Google\Chrome\User Data\Default\History,87890
https://www.geoguessr.com/game/tGNEcF0E4sAqemXK,World - Game - GeoGuessr,21/3/2023 12:36,3,,Link,00:00.1,Chrome,ajg,Default,47,0,C:\Users\ajg\AppData\Local\Google\Chrome\User Data\Default\History,87887
https://www.geoguessr.com/game/IDBCffDGZyaPsEBN,GeoGuessr - Let's explore the world!,21/3/2023 12:35,4,,Link,00:00.1,Chrome,ajg,Default,47,0,C:\Users\ajg\AppData\Local\Google\Chrome\User Data\Default\History,87882
https://www.geoguessr.com/game/7Wc7ZdnYHav1XIuQ,World - Game - GeoGuessr,21/3/2023 12:33,3,,Link,00:00.1,Chrome,ajg,Default,47,0,C:\Users\ajg\AppData\Local\Google\Chrome\User Data\Default\History,87879
https://www.geoguessr.com/game/rV9vLLNGFTbbK3nq,World - Game - GeoGuessr,21/3/2023 12:32,3,,Link,00:00.1,Chrome,ajg,Default,47,0,C:\Users\ajg\AppData\Local\Google\Chrome\User Data\Default\History,87876
https://www.geoguessr.com/game/4PdzmiLPpqwHDoLA,GeoGuessr - Let's explore the world!,21/3/2023 12:30,4,,Link,00:00.1,Chrome,ajg,Default,47,0,C:\Users\ajg\AppData\Local\Google\Chrome\User Data\Default\History,87871
https://www.geoguessr.com/game/K4gdwkSeSoRU3mvd,World - Game - GeoGuessr,21/3/2023 12:29,3,,Link,00:00.1,Chrome,ajg,Default,47,0,C:\Users\ajg\AppData\Local\Google\Chrome\User Data\Default\History,87868
https://www.geoguessr.com/game/z2mJCwheSgcWebMl,World - Game - GeoGuessr,21/3/2023 12:28,3,,Link,00:00.1,Chrome,ajg,Default,47,0,C:\Users\ajg\AppData\Local\Google\Chrome\User Data\Default\History,87865
https://www.geoguessr.com/game/bws7FliLZNzs6Rb6,GeoGuessr - Let's explore the world!,21/3/2023 12:26,4,,Link,00:00.1,Chrome,ajg,Default,47,0,C:\Users\ajg\AppData\Local\Google\Chrome\User Data\Default\History,87860
https://www.geoguessr.com/game/tBeDfo7QRnwuy2a6,World - Game - GeoGuessr,21/3/2023 12:25,3,,Link,00:00.1,Chrome,ajg,Default,47,0,C:\Users\ajg\AppData\Local\Google\Chrome\User Data\Default\History,87857
https://www.geoguessr.com/game/GKUF4L68n2ibQCIx,World - Game - GeoGuessr,21/3/2023 12:24,3,,Link,00:00.1,Chrome,ajg,Default,47,0,C:\Users\ajg\AppData\Local\Google\Chrome\User Data\Default\History,87854
https://www.geoguessr.com/game/P0knTxXBmhPCY1jP,GeoGuessr - Let's explore the world!,21/3/2023 12:22,4,,Link,00:00.1,Chrome,ajg,Default,47,0,C:\Users\ajg\AppData\Local\Google\Chrome\User Data\Default\History,87849
https://www.geoguessr.com/game/c4KQyFdOpixHbI0D,World - Game - GeoGuessr,21/3/2023 12:21,3,,Link,00:00.1,Chrome,ajg,Default,47,0,C:\Users\ajg\AppData\Local\Google\Chrome\User Data\Default\History,87846
https://www.geoguessr.com/game/zCaQaVrminViNNnT,World - Game - GeoGuessr,21/3/2023 12:19,3,,Link,00:00.2,Chrome,ajg,Default,47,0,C:\Users\ajg\AppData\Local\Google\Chrome\User Data\Default\History,87843
https://www.geoguessr.com/game/MTgBZGsm2FIn8Xij,GeoGuessr - Let's explore the world!,21/3/2023 12:18,4,,Link,00:00.1,Chrome,ajg,Default,47,0,C:\Users\ajg\AppData\Local\Google\Chrome\User Data\Default\History,87838
https://www.geoguessr.com/game/mOI3K6VvR35GTzpo,World - Game - GeoGuessr,21/3/2023 12:16,3,,Link,00:00.1,Chrome,ajg,Default,47,0,C:\Users\ajg\AppData\Local\Google\Chrome\User Data\Default\History,87835
https://www.geoguessr.com/game/LMPO4E6nObEFEE0k,World - Game - GeoGuessr,21/3/2023 12:15,3,,Link,00:00.1,Chrome,ajg,Default,47,0,C:\Users\ajg\AppData\Local\Google\Chrome\User Data\Default\History,87832
https://www.geoguessr.com/game/2fPsBHoOybffPiaT,GeoGuessr - Let's explore the world!,21/3/2023 12:13,4,,Link,00:00.1,Chrome,ajg,Default,47,0,C:\Users\ajg\AppData\Local\Google\Chrome\User Data\Default\History,87827
https://www.geoguessr.com/game/7nwYs5Z3513ZLVhp,World - Game - GeoGuessr,21/3/2023 12:12,3,,Link,00:00.1,Chrome,ajg,Default,47,0,C:\Users\ajg\AppData\Local\Google\Chrome\User Data\Default\History,87824
https://www.geoguessr.com/game/XOvWe6DPliL3bvp3,World - Game - GeoGuessr,21/3/2023 12:11,3,,Link,00:00.1,Chrome,ajg,Default,47,0,C:\Users\ajg\AppData\Local\Google\Chrome\User Data\Default\History,87821
https://www.geoguessr.com/game/CmueiglBkuCPRMw2,GeoGuessr - Let's explore the world!,21/3/2023 12:09,4,,Link,00:00.1,Chrome,ajg,Default,47,0,C:\Users\ajg\AppData\Local\Google\Chrome\User Data\Default\History,87816
https://www.geoguessr.com/game/f6vgxOFph62eSQNp,World - Game - GeoGuessr,21/3/2023 12:08,3,,Link,00:00.2,Chrome,ajg,Default,47,0,C:\Users\ajg\AppData\Local\Google\Chrome\User Data\Default\History,87813
https://www.geoguessr.com/game/dwR216bIfF2Lt64F,World - Game - GeoGuessr,21/3/2023 12:07,3,,Link,00:00.1,Chrome,ajg,Default,47,0,C:\Users\ajg\AppData\Local\Google\Chrome\User Data\Default\History,87810
https://www.geoguessr.com/game/QHtWlXvc4gBkCshS,GeoGuessr - Let's explore the world!,21/3/2023 12:05,4,,Link,00:00.1,Chrome,ajg,Default,47,0,C:\Users\ajg\AppData\Local\Google\Chrome\User Data\Default\History,87805
https://www.geoguessr.com/game/uqtPGD0SYTB1NLdX,World - Game - GeoGuessr,21/3/2023 12:04,3,,Link,00:00.1,Chrome,ajg,Default,47,0,C:\Users\ajg\AppData\Local\Google\Chrome\User Data\Default\History,87802
https://www.geoguessr.com/game/VKKiTfg6bumco5cS,World - Game - GeoGuessr,21/3/2023 12:02,3,,Link,00:00.1,Chrome,ajg,Default,47,0,C:\Users\ajg\AppData\Local\Google\Chrome\User Data\Default\History,87799
https://www.geoguessr.com/game/wGj3RBeFwMmOtKDq,GeoGuessr - Let's explore the world!,21/3/2023 12:01,4,,Link,00:00.1,Chrome,ajg,Default,47,0,C:\Users\ajg\AppData\Local\Google\Chrome\User Data\Default\History,87794
https://www.geoguessr.com/game/dmbs2LUkQz3G2EAW,World - Game - GeoGuessr,21/3/2023 11:59,3,,Link,00:00.1,Chrome,ajg,Default,47,0,C:\Users\ajg\AppData\Local\Google\Chrome\User Data\Default\History,87791
https://www.geoguessr.com/game/prahdTTzS92ifAFX,World - Game - GeoGuessr,21/3/2023 11:58,3,,Link,00:00.1,Chrome,ajg,Default,47,0,C:\Users\ajg\AppData\Local\Google\Chrome\User Data\Default\History,87788
https://www.geoguessr.com/game/LbYFPflSYWphttim,GeoGuessr - Let's explore the world!,21/3/2023 11:56,4,,Link,00:00.1,Chrome,ajg,Default,47,0,C:\Users\ajg\AppData\Local\Google\Chrome\User Data\Default\History,87783
https://www.geoguessr.com/game/tW52phVECkj7I9xV,World - Game - GeoGuessr,21/3/2023 11:55,3,,Link,00:00.1,Chrome,ajg,Default,47,0,C:\Users\ajg\AppData\Local\Google\Chrome\User Data\Default\History,87780
https://www.geoguessr.com/game/x6pQZqLKmbYz2mGN,World - Game - GeoGuessr,21/3/2023 11:54,3,,Link,00:00.1,Chrome,ajg,Default,47,0,C:\Users\ajg\AppData\Local\Google\Chrome\User Data\Default\History,87777
https://www.geoguessr.com/game/gltKNWlzqmxtiaqZ,GeoGuessr - Let's explore the world!,21/3/2023 11:52,4,,Link,00:00.1,Chrome,ajg,Default,47,0,C:\Users\ajg\AppData\Local\Google\Chrome\User Data\Default\History,87772
https://www.geoguessr.com/game/7H90aqBPohJbaTvX,World - Game - GeoGuessr,21/3/2023 11:51,3,,Link,00:00.1,Chrome,ajg,Default,47,0,C:\Users\ajg\AppData\Local\Google\Chrome\User Data\Default\History,87769
https://www.geoguessr.com/game/OLdAixTTSxY0Oxdt,World - Game - GeoGuessr,21/3/2023 11:50,3,,Link,00:00.1,Chrome,ajg,Default,47,0,C:\Users\ajg\AppData\Local\Google\Chrome\User Data\Default\History,87765
https://www.geoguessr.com/game/T6U1dwJouJTu4CDg,GeoGuessr - Let's explore the world!,21/3/2023 11:48,4,,Link,00:00.1,Chrome,ajg,Default,47,0,C:\Users\ajg\AppData\Local\Google\Chrome\User Data\Default\History,87760
https://www.geoguessr.com/game/WccYfwhTgR1wODUI,World - Game - GeoGuessr,21/3/2023 11:47,3,,Link,00:00.1,Chrome,ajg,Default,47,0,C:\Users\ajg\AppData\Local\Google\Chrome\User Data\Default\History,87757
https://www.geoguessr.com/game/Q4OimNvVCYbpTkVa,World - Game - GeoGuessr,21/3/2023 11:45,3,,Link,00:00.1,Chrome,ajg,Default,47,0,C:\Users\ajg\AppData\Local\Google\Chrome\User Data\Default\History,87754
https://www.geoguessr.com/game/GSo0lFDhmnqUJj2p,GeoGuessr - Let's explore the world!,21/3/2023 11:44,4,,Link,00:00.1,Chrome,ajg,Default,47,0,C:\Users\ajg\AppData\Local\Google\Chrome\User Data\Default\History,87749
https://www.geoguessr.com/game/Nep8sLZXZdSD5Q2a,World - Game - GeoGuessr,21/3/2023 11:43,3,,Link,00:00.1,Chrome,ajg,Default,47,0,C:\Users\ajg\AppData\Local\Google\Chrome\User Data\Default\History,87746
https://www.geoguessr.com/game/cyJ5X6MhQVlsR3ep,World - Game - GeoGuessr,21/3/2023 11:41,3,,Link,00:00.1,Chrome,ajg,Default,47,0,C:\Users\ajg\AppData\Local\Google\Chrome\User Data\Default\History,87743
https://www.geoguessr.com/game/0Q9InhwFNUb2auK7,World - Game - GeoGuessr,21/3/2023 11:39,3,,Link,00:00.1,Chrome,ajg,Default,47,0,C:\Users\ajg\AppData\Local\Google\Chrome\User Data\Default\History,87740
https://www.geoguessr.com/game/jcfWYlRNLEuF33CP,World - Game - GeoGuessr,21/3/2023 11:38,3,,Link,00:00.1,Chrome,ajg,Default,47,0,C:\Users\ajg\AppData\Local\Google\Chrome\User Data\Default\History,87737
https://www.geoguessr.com/game/EEgmOinnIYcPykZg,GeoGuessr - Let's explore the world!,21/3/2023 11:36,4,,Link,00:00.1,Chrome,ajg,Default,47,0,C:\Users\ajg\AppData\Local\Google\Chrome\User Data\Default\History,87732
https://www.geoguessr.com/game/7DaLMQvcKSEOUTdm,World - Game - GeoGuessr,21/3/2023 11:35,3,,Link,00:00.1,Chrome,ajg,Default,47,0,C:\Users\ajg\AppData\Local\Google\Chrome\User Data\Default\History,87729
https://www.geoguessr.com/game/wnHZrPpdHVuMObF0,World - Game - GeoGuessr,21/3/2023 11:34,3,,Link,00:00.1,Chrome,ajg,Default,47,0,C:\Users\ajg\AppData\Local\Google\Chrome\User Data\Default\History,87726
https://www.geoguessr.com/game/ElfFGG5ApZtKOxfo,World - Game - GeoGuessr,21/3/2023 11:32,4,,Link,00:00.1,Chrome,ajg,Default,47,0,C:\Users\ajg\AppData\Local\Google\Chrome\User Data\Default\History,87721
https://www.geoguessr.com/game/b2hLJTThUNJYQErA,World - Game - GeoGuessr,21/3/2023 11:31,3,,Link,00:00.1,Chrome,ajg,Default,47,0,C:\Users\ajg\AppData\Local\Google\Chrome\User Data\Default\History,87718
https://www.geoguessr.com/game/Cd8Ty1AIDqACT2aK,GeoGuessr - Let's explore the world!,21/3/2023 11:25,4,,Link,05:15.2,Chrome,ajg,Default,47,0,C:\Users\ajg\AppData\Local\Google\Chrome\User Data\Default\History,87711
https://www.geoguessr.com/game/AKtrz2NjVSeKc8En,Quickplay - GeoGuessr,21/3/2023 11:24,1,,Link,00:02.3,Chrome,ajg,Default,47,0,C:\Users\ajg\AppData\Local\Google\Chrome\User Data\Default\History,87705
https://www.geoguessr.com/game/iLhvqkp8Mb2VoqDx,Lititz - Game - GeoGuessr,21/3/2023 11:24,1,,Link,00:06.1,Chrome,ajg,Default,47,0,C:\Users\ajg\AppData\Local\Google\Chrome\User Data\Default\History,87702
